Pot,Treatment,Salt,Nutrient,Type,Species,Species_short,AboveBM,BelowBM
HSLN1,HSNN,high salinity,no nutrients,exotic,Protasparagus aethiopicus,PA,29.97,100.14
HSLN1,HSNN,high salinity,no nutrients,exotic,Protasparagus aethiopicus,PA,304.53,44.03
HSLN1,HSNN,high salinity,no nutrients,exotic,Protasparagus aethiopicus,PA,78.12,16.34
HSLN1,HSNN,high salinity,no nutrients,exotic,Protasparagus aethiopicus,PA,104.71,59.3
HSLN1,HSNN,high salinity,no nutrients,exotic,Protasparagus aethiopicus,PA,358.61,220.49
HSLN1,HSNN,high salinity,no nutrients,exotic,Protasparagus aethiopicus,PA,446.16,42
HSLN1,HSNN,high salinity,no nutrients,exotic,Protasparagus aethiopicus,PA,89.21,24.23
HSLN1,HSNN,high salinity,no nutrients,exotic,Protasparagus aethiopicus,PA,193.17,36.32
HSLN2,HSNN,high salinity,no nutrients,exotic,Protasparagus aethiopicus,PA,274.78,134.54
HSLN2,HSNN,high salinity,no nutrients,exotic,Protasparagus aethiopicus,PA,2.33,4.1
HSLN2,HSNN,high salinity,no nutrients,exotic,Protasparagus aethiopicus,PA,24.32,40.35
HSLN2,HSNN,high salinity,no nutrients,exotic,Protasparagus aethiopicus,PA,17.65,6.08
HSLN2,HSNN,high salinity,no nutrients,exotic,Protasparagus aethiopicus,PA,138.41,145.57
HSLN2,HSNN,high salinity,no nutrients,exotic,Protasparagus aethiopicus,PA,27.65,27.44
HSLN2,HSNN,high salinity,no nutrients,exotic,Protasparagus aethiopicus,PA,28.06,33.9
HSLN2,HSNN,high salinity,no nutrients,exotic,Protasparagus aethiopicus,PA,29.61,14.76
HSLN3,HSNN,high salinity,no nutrients,exotic,Protasparagus aethiopicus,PA,15.18,11.39
HSLN3,HSNN,high salinity,no nutrients,exotic,Protasparagus aethiopicus,PA,20.15,44.28
HSLN3,HSNN,high salinity,no nutrients,exotic,Protasparagus aethiopicus,PA,26.41,5.89
HSLN3,HSNN,high salinity,no nutrients,exotic,Protasparagus aethiopicus,PA,38.82,48.43
HSLN3,HSNN,high salinity,no nutrients,exotic,Protasparagus aethiopicus,PA,36.7,53.09
HSLN3,HSNN,high salinity,no nutrients,exotic,Protasparagus aethiopicus,PA,16.26,17.97
HSLN3,HSNN,high salinity,no nutrients,exotic,Protasparagus aethiopicus,PA,16.96,18.26
HSLN3,HSNN,high salinity,no nutrients,exotic,Protasparagus aethiopicus,PA,11.92,8.2
HSLN3,HSNN,high salinity,no nutrients,exotic,Protasparagus aethiopicus,PA,65.23,35.03
HSLN3,HSNN,high salinity,no nutrients,exotic,Protasparagus aethiopicus,PA,7.55,22.59
HSLN3,HSNN,high salinity,no nutrients,exotic,Protasparagus aethiopicus,PA,28.23,20.94
HSLN3,HSNN,high salinity,no nutrients,exotic,Protasparagus aethiopicus,PA,7.7,22.69
HSLN3,HSNN,high salinity,no nutrients,exotic,Protasparagus aethiopicus,PA,19.31,7.58
HSLN4,HSNN,high salinity,no nutrients,exotic,Protasparagus aethiopicus,PA,18.3,17
HSLN4,HSNN,high salinity,no nutrients,exotic,Protasparagus aethiopicus,PA,24.85,20.73
HSLN4,HSNN,high salinity,no nutrients,exotic,Protasparagus aethiopicus,PA,19.3,38.46
HSLN4,HSNN,high salinity,no nutrients,exotic,Protasparagus aethiopicus,PA,14.05,50.74
HSLN4,HSNN,high salinity,no nutrients,exotic,Protasparagus aethiopicus,PA,9.71,11.36
HSLN4,HSNN,high salinity,no nutrients,exotic,Protasparagus aethiopicus,PA,4.43,20.08
HSLN4,HSNN,high salinity,no nutrients,exotic,Protasparagus aethiopicus,PA,13.43,18.13
HSLN4,HSNN,high salinity,no nutrients,exotic,Protasparagus aethiopicus,PA,9.32,23
HSLN4,HSNN,high salinity,no nutrients,exotic,Protasparagus aethiopicus,PA,10.09,20.28
HSLN5,HSNN,high salinity,no nutrients,exotic,Protasparagus aethiopicus,PA,19.88,37.41
HSLN5,HSNN,high salinity,no nutrients,exotic,Protasparagus aethiopicus,PA,17.83,34.5
HSLN5,HSNN,high salinity,no nutrients,exotic,Protasparagus aethiopicus,PA,22.44,23.3
HSLN5,HSNN,high salinity,no nutrients,exotic,Protasparagus aethiopicus,PA,17.19,21.25
HSLN5,HSNN,high salinity,no nutrients,exotic,Protasparagus aethiopicus,PA,18.86,12.71
HSLN5,HSNN,high salinity,no nutrients,exotic,Protasparagus aethiopicus,PA,7.26,23.37
HSLN5,HSNN,high salinity,no nutrients,exotic,Protasparagus aethiopicus,PA,11.72,23.98
HSLN5,HSNN,high salinity,no nutrients,exotic,Protasparagus aethiopicus,PA,12.35,28.79
HSLN5,HSNN,high salinity,no nutrients,exotic,Protasparagus aethiopicus,PA,2.51,44.23
HSLN5,HSNN,high salinity,no nutrients,exotic,Protasparagus aethiopicus,PA,10.49,26.85
HSLN5,HSNN,high salinity,no nutrients,exotic,Protasparagus aethiopicus,PA,26.61,27.45
HSLN5,HSNN,high salinity,no nutrients,exotic,Protasparagus aethiopicus,PA,11.71,16.56
HSLN6,HSNN,high salinity,no nutrients,exotic,Protasparagus aethiopicus,PA,12.06,17.84
HSLN6,HSNN,high salinity,no nutrients,exotic,Protasparagus aethiopicus,PA,15.01,30.72
HSLN6,HSNN,high salinity,no nutrients,exotic,Protasparagus aethiopicus,PA,12.22,33.42
HSLN6,HSNN,high salinity,no nutrients,exotic,Protasparagus aethiopicus,PA,1.48,0.46
HSLN6,HSNN,high salinity,no nutrients,exotic,Protasparagus aethiopicus,PA,3.04,0.16
HSLN6,HSNN,high salinity,no nutrients,exotic,Protasparagus aethiopicus,PA,1.8,0.17
HSLN6,HSNN,high salinity,no nutrients,exotic,Protasparagus aethiopicus,PA,3.78,0.44
HSLN6,HSNN,high salinity,no nutrients,exotic,Protasparagus aethiopicus,PA,1.78,0.36
HSLN6,HSNN,high salinity,no nutrients,exotic,Protasparagus aethiopicus,PA,6.16,1.25
HSLN6,HSNN,high salinity,no nutrients,exotic,Protasparagus aethiopicus,PA,4.56,0.24
HSLN6,HSNN,high salinity,no nutrients,exotic,Protasparagus aethiopicus,PA,1.68,0.58
HSLN6,HSNN,high salinity,no nutrients,exotic,Protasparagus aethiopicus,PA,0.75,0.2
HSLN6,HSNN,high salinity,no nutrients,exotic,Protasparagus aethiopicus,PA,0.72,0.16
HSLN6,HSNN,high salinity,no nutrients,exotic,Protasparagus aethiopicus,PA,3.68,1.78
HSLN6,HSNN,high salinity,no nutrients,exotic,Protasparagus aethiopicus,PA,0.53,1.49
HSLN6,HSNN,high salinity,no nutrients,exotic,Protasparagus aethiopicus,PA,10.74,0.87
HSLN6,HSNN,high salinity,no nutrients,exotic,Protasparagus aethiopicus,PA,6.62,0.1
HSLN6,HSNN,high salinity,no nutrients,exotic,Protasparagus aethiopicus,PA,6.87,0.51
HSLN7,HSNN,high salinity,no nutrients,exotic,Protasparagus aethiopicus,PA,22.26,35.55
HSLN7,HSNN,high salinity,no nutrients,exotic,Protasparagus aethiopicus,PA,10.63,24.41
HSLN7,HSNN,high salinity,no nutrients,exotic,Protasparagus aethiopicus,PA,9.59,34.93
HSLN7,HSNN,high salinity,no nutrients,exotic,Protasparagus aethiopicus,PA,16.4,37.5
HSLN7,HSNN,high salinity,no nutrients,exotic,Protasparagus aethiopicus,PA,19.58,25.73
HSLN7,HSNN,high salinity,no nutrients,exotic,Protasparagus aethiopicus,PA,16.98,19.81
HSLN7,HSNN,high salinity,no nutrients,exotic,Protasparagus aethiopicus,PA,11.79,26.78
HSLN7,HSNN,high salinity,no nutrients,exotic,Protasparagus aethiopicus,PA,13.58,37.55
HSHN6,HSHN,high salinity,high nutrients,exotic,Protasparagus aethiopicus,PA,7.06,3.52
HSHN6,HSHN,high salinity,high nutrients,exotic,Protasparagus aethiopicus,PA,4.07,0.53
HSHN6,HSHN,high salinity,high nutrients,exotic,Protasparagus aethiopicus,PA,5.09,3.03
HSHN6,HSHN,high salinity,high nutrients,exotic,Protasparagus aethiopicus,PA,9.03,4.36
HSHN6,HSHN,high salinity,high nutrients,exotic,Protasparagus aethiopicus,PA,19.19,2.01
HSHN6,HSHN,high salinity,high nutrients,exotic,Protasparagus aethiopicus,PA,7.27,1.83
HSHN7,HSHN,high salinity,high nutrients,exotic,Protasparagus aethiopicus,PA,5.34,2.82
HSHN7,HSHN,high salinity,high nutrients,exotic,Protasparagus aethiopicus,PA,4.78,11.11
HSHN7,HSHN,high salinity,high nutrients,exotic,Protasparagus aethiopicus,PA,13.93,0.77
HSHN7,HSHN,high salinity,high nutrients,exotic,Protasparagus aethiopicus,PA,4.68,1.74
HSHN7,HSHN,high salinity,high nutrients,exotic,Protasparagus aethiopicus,PA,14.91,2.43
HSHN7,HSHN,high salinity,high nutrients,exotic,Protasparagus aethiopicus,PA,35.15,48.07
HSHN7,HSHN,high salinity,high nutrients,exotic,Protasparagus aethiopicus,PA,297.99,67.27
HSHN7,HSHN,high salinity,high nutrients,exotic,Protasparagus aethiopicus,PA,97.39,17.88
HSHN7,HSHN,high salinity,high nutrients,exotic,Protasparagus aethiopicus,PA,96.78,11.84
HSHN7,HSHN,high salinity,high nutrients,exotic,Protasparagus aethiopicus,PA,65.97,92.77
HSHN1,HSHN,high salinity,high nutrients,exotic,Acetosa sagittata,AS,7.2,34.5
HSHN3,HSHN,high salinity,high nutrients,exotic,Acetosa sagittata,AS,7.5,22.8
HSHN5,HSHN,high salinity,high nutrients,exotic,Acetosa sagittata,AS,1.2,20.7
HSHN3,HSHN,high salinity,high nutrients,exotic,Bidens pilosa,BP,26.81,15.58
HSHN5,HSHN,high salinity,high nutrients,exotic,Bidens pilosa,BP,16.04,7.03
HSHN5,HSHN,high salinity,high nutrients,exotic,Bidens pilosa,BP,9.56,7.38
HSHN5,HSHN,high salinity,high nutrients,exotic,Bidens pilosa,BP,16.55,18.73
HSHN1,HSHN,high salinity,high nutrients,exotic,Protasparagus aethiopicus,PA,3.78,3.27
HSHN1,HSHN,high salinity,high nutrients,exotic,Protasparagus aethiopicus,PA,3.97,4.34
HSHN1,HSHN,high salinity,high nutrients,exotic,Protasparagus aethiopicus,PA,5.55,6.29
HSHN1,HSHN,high salinity,high nutrients,exotic,Protasparagus aethiopicus,PA,10.69,5.42
HSHN1,HSHN,high salinity,high nutrients,exotic,Protasparagus aethiopicus,PA,16.58,8.66
HSHN2,HSHN,high salinity,high nutrients,exotic,Protasparagus aethiopicus,PA,4.7,2.1
HSHN2,HSHN,high salinity,high nutrients,exotic,Protasparagus aethiopicus,PA,141.13,80.86
HSHN2,HSHN,high salinity,high nutrients,exotic,Protasparagus aethiopicus,PA,163.08,88.94
HSHN2,HSHN,high salinity,high nutrients,exotic,Protasparagus aethiopicus,PA,166.84,99.81
HSHN2,HSHN,high salinity,high nutrients,exotic,Protasparagus aethiopicus,PA,89.94,44.48
HSHN2,HSHN,high salinity,high nutrients,exotic,Protasparagus aethiopicus,PA,73.54,53.02
HSHN2,HSHN,high salinity,high nutrients,exotic,Protasparagus aethiopicus,PA,63.99,54.51
HSHN2,HSHN,high salinity,high nutrients,exotic,Protasparagus aethiopicus,PA,37.47,18.65
HSHN2,HSHN,high salinity,high nutrients,exotic,Protasparagus aethiopicus,PA,34.79,17.69
HSHN2,HSHN,high salinity,high nutrients,exotic,Protasparagus aethiopicus,PA,19.8,14.28
HSHN2,HSHN,high salinity,high nutrients,exotic,Protasparagus aethiopicus,PA,39.16,30.68
HSHN2,HSHN,high salinity,high nutrients,exotic,Protasparagus aethiopicus,PA,68.14,17.05
HSHN2,HSHN,high salinity,high nutrients,exotic,Protasparagus aethiopicus,PA,4.36,0.2
HSHN2,HSHN,high salinity,high nutrients,exotic,Protasparagus aethiopicus,PA,2.56,0.63
HSHN2,HSHN,high salinity,high nutrients,exotic,Protasparagus aethiopicus,PA,1.62,0.3
HSHN2,HSHN,high salinity,high nutrients,exotic,Protasparagus aethiopicus,PA,1.12,0.44
HSHN2,HSHN,high salinity,high nutrients,exotic,Protasparagus aethiopicus,PA,2.21,0.26
HSHN2,HSHN,high salinity,high nutrients,exotic,Protasparagus aethiopicus,PA,0.39,0.49
HSHN3,HSHN,high salinity,high nutrients,exotic,Protasparagus aethiopicus,PA,1.26,0.35
HSHN3,HSHN,high salinity,high nutrients,exotic,Protasparagus aethiopicus,PA,3.33,0.24
HSHN3,HSHN,high salinity,high nutrients,exotic,Protasparagus aethiopicus,PA,1.6,0.32
HSHN3,HSHN,high salinity,high nutrients,exotic,Protasparagus aethiopicus,PA,1.28,0.26
HSHN3,HSHN,high salinity,high nutrients,exotic,Protasparagus aethiopicus,PA,2.23,0.34
HSHN3,HSHN,high salinity,high nutrients,exotic,Protasparagus aethiopicus,PA,2.85,0.23
HSHN3,HSHN,high salinity,high nutrients,exotic,Protasparagus aethiopicus,PA,2.12,0.93
HSHN3,HSHN,high salinity,high nutrients,exotic,Protasparagus aethiopicus,PA,1.4,1.24
HSHN3,HSHN,high salinity,high nutrients,exotic,Protasparagus aethiopicus,PA,1.93,0.61
HSHN3,HSHN,high salinity,high nutrients,exotic,Protasparagus aethiopicus,PA,6.88,1.78
HSHN3,HSHN,high salinity,high nutrients,exotic,Protasparagus aethiopicus,PA,12.46,24.79
HSHN3,HSHN,high salinity,high nutrients,exotic,Protasparagus aethiopicus,PA,12.62,25.8
HSHN4,HSHN,high salinity,high nutrients,exotic,Protasparagus aethiopicus,PA,10.08,13.32
HSHN4,HSHN,high salinity,high nutrients,exotic,Protasparagus aethiopicus,PA,12.44,18.49
HSHN4,HSHN,high salinity,high nutrients,exotic,Protasparagus aethiopicus,PA,17.98,60.06
HSHN4,HSHN,high salinity,high nutrients,exotic,Protasparagus aethiopicus,PA,24.88,29.61
HSHN4,HSHN,high salinity,high nutrients,exotic,Protasparagus aethiopicus,PA,17.26,22.07
HSHN4,HSHN,high salinity,high nutrients,exotic,Protasparagus aethiopicus,PA,15.1,22.21
HSHN4,HSHN,high salinity,high nutrients,exotic,Protasparagus aethiopicus,PA,15.17,32.83
HSHN4,HSHN,high salinity,high nutrients,exotic,Protasparagus aethiopicus,PA,17.47,24.71
HSHN4,HSHN,high salinity,high nutrients,exotic,Protasparagus aethiopicus,PA,24.36,46.12
HSHN4,HSHN,high salinity,high nutrients,exotic,Protasparagus aethiopicus,PA,21.32,33.14
HSHN4,HSHN,high salinity,high nutrients,exotic,Protasparagus aethiopicus,PA,22.47,71.88
HSHN5,HSHN,high salinity,high nutrients,exotic,Protasparagus aethiopicus,PA,12.01,35.78
HSHN5,HSHN,high salinity,high nutrients,exotic,Protasparagus aethiopicus,PA,19.99,19.92
HSHN5,HSHN,high salinity,high nutrients,exotic,Protasparagus aethiopicus,PA,15.32,64.55
HSHN5,HSHN,high salinity,high nutrients,exotic,Protasparagus aethiopicus,PA,15.69,21.63
HSHN5,HSHN,high salinity,high nutrients,exotic,Protasparagus aethiopicus,PA,16.63,61.55
HSHN5,HSHN,high salinity,high nutrients,exotic,Protasparagus aethiopicus,PA,19.03,31.8
HSHN5,HSHN,high salinity,high nutrients,exotic,Protasparagus aethiopicus,PA,24.33,0.75
HSHN5,HSHN,high salinity,high nutrients,exotic,Protasparagus aethiopicus,PA,2.94,0.16
HSHN5,HSHN,high salinity,high nutrients,exotic,Protasparagus aethiopicus,PA,10.71,1.12
HSHN5,HSHN,high salinity,high nutrients,exotic,Protasparagus aethiopicus,PA,3.86,0.94
HSHN5,HSHN,high salinity,high nutrients,exotic,Protasparagus aethiopicus,PA,3.98,1.79
HSHN5,HSHN,high salinity,high nutrients,exotic,Protasparagus aethiopicus,PA,56.25,3.83
HSHN5,HSHN,high salinity,high nutrients,exotic,Protasparagus aethiopicus,PA,100.8,1.81
HSHN5,HSHN,high salinity,high nutrients,exotic,Protasparagus aethiopicus,PA,28.97,24.92
HSHN5,HSHN,high salinity,high nutrients,exotic,Protasparagus aethiopicus,PA,9.88,1.87
HSHN5,HSHN,high salinity,high nutrients,exotic,Protasparagus aethiopicus,PA,4.14,10.56
LSLN1,NSNN,no salinity,no nutrients,exotic,Acetosa sagittata,AS,8.7,18.8
LSLN1,NSNN,no salinity,no nutrients,exotic,Acetosa sagittata,AS,10.9,24.6
LSLN1,NSNN,no salinity,no nutrients,exotic,Acetosa sagittata,AS,6.01,31.75
LSLN1,NSNN,no salinity,no nutrients,exotic,Acetosa sagittata,AS,9.17,25.71
LSLN1,NSNN,no salinity,no nutrients,exotic,Acetosa sagittata,AS,19.89,58.08
LSLN1,NSNN,no salinity,no nutrients,exotic,Acetosa sagittata,AS,5.89,18.62
LSLN1,NSNN,no salinity,no nutrients,exotic,Acetosa sagittata,AS,3.95,14.06
LSLN1,NSNN,no salinity,no nutrients,exotic,Acetosa sagittata,AS,7.44,19.18
LSLN1,NSNN,no salinity,no nutrients,exotic,Acetosa sagittata,AS,4.84,16.79
LSLN1,NSNN,no salinity,no nutrients,exotic,Acetosa sagittata,AS,18.3,15.41
LSLN1,NSNN,no salinity,no nutrients,exotic,Acetosa sagittata,AS,4.72,10.39
LSLN1,NSNN,no salinity,no nutrients,exotic,Acetosa sagittata,AS,3.02,16.66
LSLN1,NSNN,no salinity,no nutrients,exotic,Acetosa sagittata,AS,9.83,31.91
LSLN2,NSNN,no salinity,no nutrients,exotic,Acetosa sagittata,AS,6.02,20.79
LSLN2,NSNN,no salinity,no nutrients,exotic,Acetosa sagittata,AS,21.89,37.5
LSLN2,NSNN,no salinity,no nutrients,exotic,Acetosa sagittata,AS,13.23,26.61
LSLN2,NSNN,no salinity,no nutrients,exotic,Acetosa sagittata,AS,6.33,12.79
LSLN2,NSNN,no salinity,no nutrients,exotic,Acetosa sagittata,AS,12.48,3.22
LSLN2,NSNN,no salinity,no nutrients,exotic,Acetosa sagittata,AS,11.15,19.22
LSLN2,NSNN,no salinity,no nutrients,exotic,Acetosa sagittata,AS,9.22,34.8
LSLN2,NSNN,no salinity,no nutrients,exotic,Acetosa sagittata,AS,6.28,31.81
LSLN2,NSNN,no salinity,no nutrients,exotic,Acetosa sagittata,AS,9.09,20.35
LSLN2,NSNN,no salinity,no nutrients,exotic,Acetosa sagittata,AS,5.1,16.63
LSLN2,NSNN,no salinity,no nutrients,exotic,Acetosa sagittata,AS,5.37,17.35
LSLN2,NSNN,no salinity,no nutrients,exotic,Acetosa sagittata,AS,4.6,25.1
LSLN2,NSNN,no salinity,no nutrients,exotic,Acetosa sagittata,AS,3.5,50.5
LSLN2,NSNN,no salinity,no nutrients,exotic,Acetosa sagittata,AS,8.9,51.4
LSLN2,NSNN,no salinity,no nutrients,exotic,Acetosa sagittata,AS,10.2,41.2
LSLN2,NSNN,no salinity,no nutrients,exotic,Acetosa sagittata,AS,7.2,19.6
LSLN2,NSNN,no salinity,no nutrients,exotic,Acetosa sagittata,AS,10.5,24
LSLN2,NSNN,no salinity,no nutrients,exotic,Acetosa sagittata,AS,5.3,15.2
LSLN2,NSNN,no salinity,no nutrients,exotic,Acetosa sagittata,AS,8.1,26.8
LSLN3,NSNN,no salinity,no nutrients,exotic,Acetosa sagittata,AS,7.2,39.9
LSLN3,NSNN,no salinity,no nutrients,exotic,Acetosa sagittata,AS,4.8,32.8
LSLN3,NSNN,no salinity,no nutrients,exotic,Acetosa sagittata,AS,7.6,22.1
LSLN3,NSNN,no salinity,no nutrients,exotic,Acetosa sagittata,AS,12.2,41.4
LSLN3,NSNN,no salinity,no nutrients,exotic,Acetosa sagittata,AS,9.1,36.6
LSLN3,NSNN,no salinity,no nutrients,exotic,Acetosa sagittata,AS,11.4,41.4
LSLN3,NSNN,no salinity,no nutrients,exotic,Acetosa sagittata,AS,10,23.5
LSLN3,NSNN,no salinity,no nutrients,exotic,Acetosa sagittata,AS,9.1,27.2
LSLN3,NSNN,no salinity,no nutrients,exotic,Acetosa sagittata,AS,9.2,43.4
LSLN3,NSNN,no salinity,no nutrients,exotic,Acetosa sagittata,AS,7.7,24.1
LSLN3,NSNN,no salinity,no nutrients,exotic,Acetosa sagittata,AS,6.5,24.9
LSLN3,NSNN,no salinity,no nutrients,exotic,Acetosa sagittata,AS,6.5,23.3
LSLN3,NSNN,no salinity,no nutrients,exotic,Acetosa sagittata,AS,4.5,15.3
LSLN3,NSNN,no salinity,no nutrients,exotic,Acetosa sagittata,AS,15.8,48.5
LSLN3,NSNN,no salinity,no nutrients,exotic,Acetosa sagittata,AS,7.4,14.1
LSLN3,NSNN,no salinity,no nutrients,exotic,Acetosa sagittata,AS,8.5,17
LSLN3,NSNN,no salinity,no nutrients,exotic,Acetosa sagittata,AS,15.2,54.5
LSLN3,NSNN,no salinity,no nutrients,exotic,Acetosa sagittata,AS,6.3,37.5
LSLN3,NSNN,no salinity,no nutrients,exotic,Acetosa sagittata,AS,7.5,26.6
LSLN4,NSNN,no salinity,no nutrients,exotic,Acetosa sagittata,AS,8.1,19.8
LSLN4,NSNN,no salinity,no nutrients,exotic,Acetosa sagittata,AS,9.3,35.1
LSLN4,NSNN,no salinity,no nutrients,exotic,Acetosa sagittata,AS,11.7,32.3
LSLN4,NSNN,no salinity,no nutrients,exotic,Acetosa sagittata,AS,5.96,15.12
LSLN4,NSNN,no salinity,no nutrients,exotic,Acetosa sagittata,AS,5.38,11.13
LSLN4,NSNN,no salinity,no nutrients,exotic,Acetosa sagittata,AS,11.87,30.75
LSLN4,NSNN,no salinity,no nutrients,exotic,Acetosa sagittata,AS,11.95,28.59
LSLN4,NSNN,no salinity,no nutrients,exotic,Acetosa sagittata,AS,4.41,11.95
LSLN4,NSNN,no salinity,no nutrients,exotic,Acetosa sagittata,AS,4.88,7.01
LSLN4,NSNN,no salinity,no nutrients,exotic,Acetosa sagittata,AS,11.56,9.31
LSLN4,NSNN,no salinity,no nutrients,exotic,Acetosa sagittata,AS,6.09,15.53
LSLN4,NSNN,no salinity,no nutrients,exotic,Acetosa sagittata,AS,6.42,16.5
LSLN4,NSNN,no salinity,no nutrients,exotic,Acetosa sagittata,AS,9.49,15.16
LSLN4,NSNN,no salinity,no nutrients,exotic,Acetosa sagittata,AS,11.94,3.54
LSLN4,NSNN,no salinity,no nutrients,exotic,Acetosa sagittata,AS,4.01,1.51
LSLN4,NSNN,no salinity,no nutrients,exotic,Acetosa sagittata,AS,2.81,6.91
LSLN5,NSNN,no salinity,no nutrients,exotic,Acetosa sagittata,AS,20.94,4.12
LSLN5,NSNN,no salinity,no nutrients,exotic,Acetosa sagittata,AS,13.59,3.13
LSLN5,NSNN,no salinity,no nutrients,exotic,Acetosa sagittata,AS,4.83,21.11
LSLN5,NSNN,no salinity,no nutrients,exotic,Acetosa sagittata,AS,7.02,3.2
LSLN5,NSNN,no salinity,no nutrients,exotic,Acetosa sagittata,AS,70.13,5.84
LSLN5,NSNN,no salinity,no nutrients,exotic,Acetosa sagittata,AS,25.42,19.24
LSLN5,NSNN,no salinity,no nutrients,exotic,Acetosa sagittata,AS,6.55,13.21
LSLN5,NSNN,no salinity,no nutrients,exotic,Acetosa sagittata,AS,21.92,5.82
LSLN5,NSNN,no salinity,no nutrients,exotic,Acetosa sagittata,AS,4.3,60.45
LSLN5,NSNN,no salinity,no nutrients,exotic,Acetosa sagittata,AS,11.25,5.33
LSLN5,NSNN,no salinity,no nutrients,exotic,Acetosa sagittata,AS,25.77,11.76
LSLN5,NSNN,no salinity,no nutrients,exotic,Acetosa sagittata,AS,8.83,23.39
LSLN5,NSNN,no salinity,no nutrients,exotic,Acetosa sagittata,AS,8.36,40.79
LSLN5,NSNN,no salinity,no nutrients,exotic,Acetosa sagittata,AS,12.69,19.71
LSLN5,NSNN,no salinity,no nutrients,exotic,Acetosa sagittata,AS,16.57,25.9
LSLN5,NSNN,no salinity,no nutrients,exotic,Acetosa sagittata,AS,11.22,13.94
LSLN5,NSNN,no salinity,no nutrients,exotic,Acetosa sagittata,AS,19.89,61.29
LSLN6,NSNN,no salinity,no nutrients,exotic,Acetosa sagittata,AS,10.31,15.89
LSLN6,NSNN,no salinity,no nutrients,exotic,Acetosa sagittata,AS,14.7,14.87
LSLN6,NSNN,no salinity,no nutrients,exotic,Acetosa sagittata,AS,11.84,33.68
LSLN6,NSNN,no salinity,no nutrients,exotic,Acetosa sagittata,AS,9.13,27.65
LSLN6,NSNN,no salinity,no nutrients,exotic,Acetosa sagittata,AS,15.8,32.52
LSLN6,NSNN,no salinity,no nutrients,exotic,Acetosa sagittata,AS,11.48,43.63
LSLN6,NSNN,no salinity,no nutrients,exotic,Acetosa sagittata,AS,18.25,32.56
LSLN6,NSNN,no salinity,no nutrients,exotic,Acetosa sagittata,AS,14.87,28.3
LSLN6,NSNN,no salinity,no nutrients,exotic,Acetosa sagittata,AS,19.69,30.55
LSLN6,NSNN,no salinity,no nutrients,exotic,Acetosa sagittata,AS,27.53,42.57
LSLN6,NSNN,no salinity,no nutrients,exotic,Acetosa sagittata,AS,28.81,47.92
LSLN6,NSNN,no salinity,no nutrients,exotic,Acetosa sagittata,AS,12.42,26.24
LSLN6,NSNN,no salinity,no nutrients,exotic,Acetosa sagittata,AS,35.9,55.43
LSLN6,NSNN,no salinity,no nutrients,exotic,Acetosa sagittata,AS,15.4,27.56
LSLN6,NSNN,no salinity,no nutrients,exotic,Acetosa sagittata,AS,23.22,30.52
LSLN7,NSNN,no salinity,no nutrients,exotic,Acetosa sagittata,AS,11.94,11.09
LSLN7,NSNN,no salinity,no nutrients,exotic,Acetosa sagittata,AS,11.43,23.18
LSLN7,NSNN,no salinity,no nutrients,exotic,Acetosa sagittata,AS,10.62,19.43
LSLN7,NSNN,no salinity,no nutrients,exotic,Acetosa sagittata,AS,16.08,29.55
LSLN7,NSNN,no salinity,no nutrients,exotic,Acetosa sagittata,AS,6.64,19.91
LSLN7,NSNN,no salinity,no nutrients,exotic,Acetosa sagittata,AS,9.2,5.5
LSLN7,NSNN,no salinity,no nutrients,exotic,Acetosa sagittata,AS,80.3,7.6
LSLN7,NSNN,no salinity,no nutrients,exotic,Acetosa sagittata,AS,179.9,318.9
LSLN7,NSNN,no salinity,no nutrients,exotic,Acetosa sagittata,AS,6.65,2.42
LSLN7,NSNN,no salinity,no nutrients,exotic,Acetosa sagittata,AS,1.79,1.98
LSLN7,NSNN,no salinity,no nutrients,exotic,Acetosa sagittata,AS,36.74,45.24
LSLN7,NSNN,no salinity,no nutrients,exotic,Acetosa sagittata,AS,14.2,3.25
LSLN7,NSNN,no salinity,no nutrients,exotic,Acetosa sagittata,AS,24.72,21.7
LSLN7,NSNN,no salinity,no nutrients,exotic,Acetosa sagittata,AS,8.28,13.61
LSLN7,NSNN,no salinity,no nutrients,exotic,Acetosa sagittata,AS,7.11,6.42
LSLN7,NSNN,no salinity,no nutrients,exotic,Acetosa sagittata,AS,11.54,20.42
LSLN7,NSNN,no salinity,no nutrients,exotic,Acetosa sagittata,AS,38.01,54.96
LSLN7,NSNN,no salinity,no nutrients,exotic,Acetosa sagittata,AS,18.06,6.34
LSLN1,NSNN,no salinity,no nutrients,exotic,Bidens pilosa,BP,1.89,1.64
LSLN1,NSNN,no salinity,no nutrients,exotic,Bidens pilosa,BP,4.06,6.6
LSLN1,NSNN,no salinity,no nutrients,exotic,Bidens pilosa,BP,8.97,15.47
LSLN1,NSNN,no salinity,no nutrients,exotic,Bidens pilosa,BP,12.11,20.52
LSLN1,NSNN,no salinity,no nutrients,exotic,Bidens pilosa,BP,16.33,25.02
LSLN1,NSNN,no salinity,no nutrients,exotic,Bidens pilosa,BP,17.27,28.36
LSLN1,NSNN,no salinity,no nutrients,exotic,Bidens pilosa,BP,21.17,20.41
LSLN1,NSNN,no salinity,no nutrients,exotic,Bidens pilosa,BP,9.74,16.16
LSLN1,NSNN,no salinity,no nutrients,exotic,Bidens pilosa,BP,14.14,16.99
LSLN1,NSNN,no salinity,no nutrients,exotic,Bidens pilosa,BP,0.56,0.18
LSLN1,NSNN,no salinity,no nutrients,exotic,Bidens pilosa,BP,1.17,0.84
LSLN1,NSNN,no salinity,no nutrients,exotic,Bidens pilosa,BP,1.65,0.71
LSLN1,NSNN,no salinity,no nutrients,exotic,Bidens pilosa,BP,1.97,0.57
LSLN1,NSNN,no salinity,no nutrients,exotic,Bidens pilosa,BP,3.81,0.3
LSLN2,NSNN,no salinity,no nutrients,exotic,Bidens pilosa,BP,0.71,0.2
LSLN3,NSNN,no salinity,no nutrients,exotic,Bidens pilosa,BP,1.5,0.32
LSLN3,NSNN,no salinity,no nutrients,exotic,Bidens pilosa,BP,2.38,0.38
LSLN3,NSNN,no salinity,no nutrients,exotic,Bidens pilosa,BP,1.4,0.28
LSLN3,NSNN,no salinity,no nutrients,exotic,Bidens pilosa,BP,3,0.67
LSLN3,NSNN,no salinity,no nutrients,exotic,Bidens pilosa,BP,5.56,0.92
LSLN3,NSNN,no salinity,no nutrients,exotic,Bidens pilosa,BP,7.96,0.78
LSLN3,NSNN,no salinity,no nutrients,exotic,Bidens pilosa,BP,7.65,1.46
LSLN3,NSNN,no salinity,no nutrients,exotic,Bidens pilosa,BP,1.95,0.63
LSLN3,NSNN,no salinity,no nutrients,exotic,Bidens pilosa,BP,1.92,0.58
LSLN3,NSNN,no salinity,no nutrients,exotic,Bidens pilosa,BP,2.02,0.32
LSLN3,NSNN,no salinity,no nutrients,exotic,Bidens pilosa,BP,4.83,0.86
LSLN3,NSNN,no salinity,no nutrients,exotic,Bidens pilosa,BP,4.5,0.34
LSLN3,NSNN,no salinity,no nutrients,exotic,Bidens pilosa,BP,3.42,1.34
LSLN3,NSNN,no salinity,no nutrients,exotic,Bidens pilosa,BP,1.25,0.5
LSLN3,NSNN,no salinity,no nutrients,exotic,Bidens pilosa,BP,0.89,0.15
LSLN3,NSNN,no salinity,no nutrients,exotic,Bidens pilosa,BP,0.82,0.46
LSLN3,NSNN,no salinity,no nutrients,exotic,Bidens pilosa,BP,1.17,0.09
LSLN4,NSNN,no salinity,no nutrients,exotic,Bidens pilosa,BP,1.19,0.18
LSLN4,NSNN,no salinity,no nutrients,exotic,Bidens pilosa,BP,3.64,0.47
LSLN4,NSNN,no salinity,no nutrients,exotic,Bidens pilosa,BP,3.54,0.47
LSLN4,NSNN,no salinity,no nutrients,exotic,Bidens pilosa,BP,6,0.65
LSLN4,NSNN,no salinity,no nutrients,exotic,Bidens pilosa,BP,10.01,20.82
LSLN4,NSNN,no salinity,no nutrients,exotic,Bidens pilosa,BP,10.77,22.92
LSLN4,NSNN,no salinity,no nutrients,exotic,Bidens pilosa,BP,14.56,25.16
LSLN4,NSNN,no salinity,no nutrients,exotic,Bidens pilosa,BP,21.9,16.06
LSLN4,NSNN,no salinity,no nutrients,exotic,Bidens pilosa,BP,10.78,14.94
LSLN4,NSNN,no salinity,no nutrients,exotic,Bidens pilosa,BP,13.96,19.91
LSLN4,NSNN,no salinity,no nutrients,exotic,Bidens pilosa,BP,12.07,14.39
LSLN4,NSNN,no salinity,no nutrients,exotic,Bidens pilosa,BP,6.32,15.92
LSLN4,NSNN,no salinity,no nutrients,exotic,Bidens pilosa,BP,9.05,50.03
LSLN5,NSNN,no salinity,no nutrients,exotic,Bidens pilosa,BP,19.81,45.41
LSLN5,NSNN,no salinity,no nutrients,exotic,Bidens pilosa,BP,16.7,35.62
LSLN5,NSNN,no salinity,no nutrients,exotic,Bidens pilosa,BP,17.99,35.75
LSLN5,NSNN,no salinity,no nutrients,exotic,Bidens pilosa,BP,12.6,40.49
LSLN5,NSNN,no salinity,no nutrients,exotic,Bidens pilosa,BP,67.68,38.87
LSLN5,NSNN,no salinity,no nutrients,exotic,Bidens pilosa,BP,106.52,31.46
LSLN5,NSNN,no salinity,no nutrients,exotic,Bidens pilosa,BP,99.83,18.72
LSLN5,NSNN,no salinity,no nutrients,exotic,Bidens pilosa,BP,35.65,1.55
LSLN5,NSNN,no salinity,no nutrients,exotic,Bidens pilosa,BP,4.97,20.7
LSLN5,NSNN,no salinity,no nutrients,exotic,Bidens pilosa,BP,32.84,12.84
LSLN5,NSNN,no salinity,no nutrients,exotic,Bidens pilosa,BP,7.98,3.23
LSLN5,NSNN,no salinity,no nutrients,exotic,Bidens pilosa,BP,6.37,3.66
LSLN6,NSNN,no salinity,no nutrients,exotic,Bidens pilosa,BP,105.38,34.59
LSLN6,NSNN,no salinity,no nutrients,exotic,Bidens pilosa,BP,208.58,96.64
LSLN6,NSNN,no salinity,no nutrients,exotic,Bidens pilosa,BP,49.8,15.94
LSLN6,NSNN,no salinity,no nutrients,exotic,Bidens pilosa,BP,72.66,23.64
LSLN6,NSNN,no salinity,no nutrients,exotic,Bidens pilosa,BP,250.15,85.34
LSLN6,NSNN,no salinity,no nutrients,exotic,Bidens pilosa,BP,8.17,8.03
LSLN6,NSNN,no salinity,no nutrients,exotic,Bidens pilosa,BP,6.61,10.83
LSLN6,NSNN,no salinity,no nutrients,exotic,Bidens pilosa,BP,2.4,1.76
LSLN6,NSNN,no salinity,no nutrients,exotic,Bidens pilosa,BP,8.26,5.85
LSLN6,NSNN,no salinity,no nutrients,exotic,Bidens pilosa,BP,6.81,13.11
LSLN6,NSNN,no salinity,no nutrients,exotic,Bidens pilosa,BP,9.5,15.41
LSLN6,NSNN,no salinity,no nutrients,exotic,Bidens pilosa,BP,4.34,13.74
LSLN6,NSNN,no salinity,no nutrients,exotic,Bidens pilosa,BP,19.5,6.47
LSLN7,NSNN,no salinity,no nutrients,exotic,Bidens pilosa,BP,6.13,2.21
LSLN7,NSNN,no salinity,no nutrients,exotic,Bidens pilosa,BP,6.88,2.52
LSLN7,NSNN,no salinity,no nutrients,exotic,Bidens pilosa,BP,5.77,2.12
LSLN7,NSNN,no salinity,no nutrients,exotic,Bidens pilosa,BP,3.24,4.32
LSLN7,NSNN,no salinity,no nutrients,exotic,Bidens pilosa,BP,27.13,6.09
LSLN7,NSNN,no salinity,no nutrients,exotic,Bidens pilosa,BP,12.46,16.74
LSLN7,NSNN,no salinity,no nutrients,exotic,Bidens pilosa,BP,208.97,50.85
LSLN7,NSNN,no salinity,no nutrients,exotic,Bidens pilosa,BP,107.35,72.47
LSLN7,NSNN,no salinity,no nutrients,exotic,Bidens pilosa,BP,91.36,42.45
LSLN7,NSNN,no salinity,no nutrients,exotic,Bidens pilosa,BP,125.51,67.28
LSLN1,NSNN,no salinity,no nutrients,exotic,Conyza parva,CP,18.83,8.71
LSLN1,NSNN,no salinity,no nutrients,exotic,Conyza parva,CP,48.02,4.99
LSLN1,NSNN,no salinity,no nutrients,exotic,Conyza parva,CP,2.54,0.92
LSLN1,NSNN,no salinity,no nutrients,exotic,Conyza parva,CP,29.67,6.3
LSLN1,NSNN,no salinity,no nutrients,exotic,Conyza parva,CP,55.77,24.58
LSLN1,NSNN,no salinity,no nutrients,exotic,Conyza parva,CP,90.75,22.38
LSLN1,NSNN,no salinity,no nutrients,exotic,Conyza parva,CP,59.28,28.62
LSLN1,NSNN,no salinity,no nutrients,exotic,Conyza parva,CP,37.11,4.43
LSLN1,NSNN,no salinity,no nutrients,exotic,Conyza parva,CP,45.98,13.82
LSLN1,NSNN,no salinity,no nutrients,exotic,Conyza parva,CP,20.64,5.46
LSLN1,NSNN,no salinity,no nutrients,exotic,Conyza parva,CP,7.3,1.06
LSLN1,NSNN,no salinity,no nutrients,exotic,Conyza parva,CP,10.38,1.82
LSLN1,NSNN,no salinity,no nutrients,exotic,Conyza parva,CP,11.43,1.51
LSLN1,NSNN,no salinity,no nutrients,exotic,Conyza parva,CP,19.69,6.92
LSLN1,NSNN,no salinity,no nutrients,exotic,Conyza parva,CP,7.81,2.39
LSLN1,NSNN,no salinity,no nutrients,exotic,Conyza parva,CP,46.58,20.67
LSLN2,NSNN,no salinity,no nutrients,exotic,Conyza parva,CP,34.59,10.81
LSLN3,NSNN,no salinity,no nutrients,exotic,Conyza parva,CP,15.75,5.04
LSLN3,NSNN,no salinity,no nutrients,exotic,Conyza parva,CP,6.74,1.69
LSLN3,NSNN,no salinity,no nutrients,exotic,Conyza parva,CP,48.05,9.14
LSLN3,NSNN,no salinity,no nutrients,exotic,Conyza parva,CP,25.16,6.97
LSLN3,NSNN,no salinity,no nutrients,exotic,Conyza parva,CP,13.97,3.72
LSLN3,NSNN,no salinity,no nutrients,exotic,Conyza parva,CP,28.22,31.18
LSLN3,NSNN,no salinity,no nutrients,exotic,Conyza parva,CP,18.87,24.05
LSLN3,NSNN,no salinity,no nutrients,exotic,Conyza parva,CP,17.76,21.64
LSLN3,NSNN,no salinity,no nutrients,exotic,Conyza parva,CP,4.84,12.59
LSLN3,NSNN,no salinity,no nutrients,exotic,Conyza parva,CP,6,15.38
LSLN3,NSNN,no salinity,no nutrients,exotic,Conyza parva,CP,16.71,7.04
LSLN3,NSNN,no salinity,no nutrients,exotic,Conyza parva,CP,22.28,22.07
LSLN3,NSNN,no salinity,no nutrients,exotic,Conyza parva,CP,16.53,16.82
LSLN3,NSNN,no salinity,no nutrients,exotic,Conyza parva,CP,12.94,23.48
LSLN3,NSNN,no salinity,no nutrients,exotic,Conyza parva,CP,16.86,23.65
LSLN4,NSNN,no salinity,no nutrients,exotic,Conyza parva,CP,0.19,0.15
LSLN4,NSNN,no salinity,no nutrients,exotic,Conyza parva,CP,0.17,0.11
LSLN4,NSNN,no salinity,no nutrients,exotic,Conyza parva,CP,0.25,0.08
LSLN4,NSNN,no salinity,no nutrients,exotic,Conyza parva,CP,0.26,0.07
LSLN4,NSNN,no salinity,no nutrients,exotic,Conyza parva,CP,0.76,0.12
LSLN4,NSNN,no salinity,no nutrients,exotic,Conyza parva,CP,0.24,0.03
LSLN4,NSNN,no salinity,no nutrients,exotic,Conyza parva,CP,0.23,0.15
LSLN4,NSNN,no salinity,no nutrients,exotic,Conyza parva,CP,0.19,0.08
LSLN4,NSNN,no salinity,no nutrients,exotic,Conyza parva,CP,0.16,0.07
LSLN4,NSNN,no salinity,no nutrients,exotic,Conyza parva,CP,0.33,0.06
LSLN4,NSNN,no salinity,no nutrients,exotic,Conyza parva,CP,9.7,13.7
LSLN4,NSNN,no salinity,no nutrients,exotic,Conyza parva,CP,11.8,4.3
LSLN4,NSNN,no salinity,no nutrients,exotic,Conyza parva,CP,5.6,4.6
LSLN4,NSNN,no salinity,no nutrients,exotic,Conyza parva,CP,12.3,3.6
LSLN4,NSNN,no salinity,no nutrients,exotic,Conyza parva,CP,30.9,28.2
LSLN4,NSNN,no salinity,no nutrients,exotic,Conyza parva,CP,2.91,42.4
LSLN5,NSNN,no salinity,no nutrients,exotic,Conyza parva,CP,28.8,36.6
LSLN5,NSNN,no salinity,no nutrients,exotic,Conyza parva,CP,2.52,29.9
LSLN5,NSNN,no salinity,no nutrients,exotic,Conyza parva,CP,55.9,89
LSLN5,NSNN,no salinity,no nutrients,exotic,Conyza parva,CP,53.1,46.8
LSLN5,NSNN,no salinity,no nutrients,exotic,Conyza parva,CP,74.3,66.9
LSLN5,NSNN,no salinity,no nutrients,exotic,Conyza parva,CP,45.5,65.7
LSLN5,NSNN,no salinity,no nutrients,exotic,Conyza parva,CP,235.7,305.1
LSLN5,NSNN,no salinity,no nutrients,exotic,Conyza parva,CP,457.9,81.8
LSLN5,NSNN,no salinity,no nutrients,exotic,Conyza parva,CP,18.6,28.4
LSLN5,NSNN,no salinity,no nutrients,exotic,Conyza parva,CP,4.4,19.4
LSLN5,NSNN,no salinity,no nutrients,exotic,Conyza parva,CP,4.7,12.1
LSLN5,NSNN,no salinity,no nutrients,exotic,Conyza parva,CP,9.2,15.3
LSLN5,NSNN,no salinity,no nutrients,exotic,Conyza parva,CP,11.1,24.4
LSLN5,NSNN,no salinity,no nutrients,exotic,Conyza parva,CP,17.2,15.8
LSLN5,NSNN,no salinity,no nutrients,exotic,Conyza parva,CP,20.1,19.1
LSLN6,NSNN,no salinity,no nutrients,exotic,Conyza parva,CP,16.8,25.6
LSLN6,NSNN,no salinity,no nutrients,exotic,Conyza parva,CP,12.3,14.8
LSLN6,NSNN,no salinity,no nutrients,exotic,Conyza parva,CP,8.2,23.1
LSLN6,NSNN,no salinity,no nutrients,exotic,Conyza parva,CP,6.8,16.9
LSLN6,NSNN,no salinity,no nutrients,exotic,Conyza parva,CP,9.2,22.6
LSLN6,NSNN,no salinity,no nutrients,exotic,Conyza parva,CP,26.3,32.1
LSLN6,NSNN,no salinity,no nutrients,exotic,Conyza parva,CP,12.98,51.57
LSLN6,NSNN,no salinity,no nutrients,exotic,Conyza parva,CP,9.56,32.1
LSLN6,NSNN,no salinity,no nutrients,exotic,Conyza parva,CP,13.74,43.58
LSLN6,NSNN,no salinity,no nutrients,exotic,Conyza parva,CP,17.27,28.12
LSLN6,NSNN,no salinity,no nutrients,exotic,Conyza parva,CP,20.27,60.08
LSLN6,NSNN,no salinity,no nutrients,exotic,Conyza parva,CP,16.49,67.61
LSLN6,NSNN,no salinity,no nutrients,exotic,Conyza parva,CP,17.49,62.36
LSLN6,NSNN,no salinity,no nutrients,exotic,Conyza parva,CP,15.56,50.87
LSLN6,NSNN,no salinity,no nutrients,exotic,Conyza parva,CP,18.42,41.81
LSLN6,NSNN,no salinity,no nutrients,exotic,Conyza parva,CP,7.11,35.96
LSLN7,NSNN,no salinity,no nutrients,exotic,Conyza parva,CP,19.4,71.34
LSLN7,NSNN,no salinity,no nutrients,exotic,Conyza parva,CP,16.17,32.15
LSLN7,NSNN,no salinity,no nutrients,exotic,Conyza parva,CP,14.74,46.12
LSLN7,NSNN,no salinity,no nutrients,exotic,Conyza parva,CP,25.31,56.94
LSLN7,NSNN,no salinity,no nutrients,exotic,Conyza parva,CP,19.31,45.97
LSLN7,NSNN,no salinity,no nutrients,exotic,Conyza parva,CP,8.3,34.04
LSLN7,NSNN,no salinity,no nutrients,exotic,Conyza parva,CP,23.78,2.75
LSLN7,NSNN,no salinity,no nutrients,exotic,Conyza parva,CP,28.02,22.99
LSLN7,NSNN,no salinity,no nutrients,exotic,Conyza parva,CP,3.92,9.82
LSLN7,NSNN,no salinity,no nutrients,exotic,Conyza parva,CP,2.88,6.76
LSLN7,NSNN,no salinity,no nutrients,exotic,Conyza parva,CP,3.02,6.67
LSLN7,NSNN,no salinity,no nutrients,exotic,Conyza parva,CP,1.49,5.81
LSLN7,NSNN,no salinity,no nutrients,exotic,Conyza parva,CP,2.56,2.26
LSLN7,NSNN,no salinity,no nutrients,exotic,Conyza parva,CP,3.22,4.38
LSLN7,NSNN,no salinity,no nutrients,exotic,Conyza parva,CP,5.2,4.49
LSLN1,NSNN,no salinity,no nutrients,exotic,Protasparagus aethiopicus,PA,8.75,26.43
LSLN1,NSNN,no salinity,no nutrients,exotic,Protasparagus aethiopicus,PA,32.35,58.64
LSLN1,NSNN,no salinity,no nutrients,exotic,Protasparagus aethiopicus,PA,14.58,34.41
LSLN1,NSNN,no salinity,no nutrients,exotic,Protasparagus aethiopicus,PA,18.99,44.63
LSLN1,NSNN,no salinity,no nutrients,exotic,Protasparagus aethiopicus,PA,21.81,40.77
LSLN1,NSNN,no salinity,no nutrients,exotic,Protasparagus aethiopicus,PA,16.62,81.5
LSLN1,NSNN,no salinity,no nutrients,exotic,Protasparagus aethiopicus,PA,19.31,59.17
LSLN1,NSNN,no salinity,no nutrients,exotic,Protasparagus aethiopicus,PA,41.43,3.94
LSLN1,NSNN,no salinity,no nutrients,exotic,Protasparagus aethiopicus,PA,99.58,4.25
LSLN1,NSNN,no salinity,no nutrients,exotic,Protasparagus aethiopicus,PA,70.11,5.92
LSLN1,NSNN,no salinity,no nutrients,exotic,Protasparagus aethiopicus,PA,95.76,1.21
LSLN1,NSNN,no salinity,no nutrients,exotic,Protasparagus aethiopicus,PA,42.73,4.34
LSLN1,NSNN,no salinity,no nutrients,exotic,Protasparagus aethiopicus,PA,59.01,19.53
LSLN1,NSNN,no salinity,no nutrients,exotic,Protasparagus aethiopicus,PA,45.06,18.54
LSLN1,NSNN,no salinity,no nutrients,exotic,Protasparagus aethiopicus,PA,53.73,57.57
LSLN2,NSNN,no salinity,no nutrients,exotic,Protasparagus aethiopicus,PA,24.42,35.84
LSLN2,NSNN,no salinity,no nutrients,exotic,Protasparagus aethiopicus,PA,14.93,20.42
LSLN2,NSNN,no salinity,no nutrients,exotic,Protasparagus aethiopicus,PA,214.36,37.23
LSLN2,NSNN,no salinity,no nutrients,exotic,Protasparagus aethiopicus,PA,45.97,15.59
LSLN2,NSNN,no salinity,no nutrients,exotic,Protasparagus aethiopicus,PA,92.44,70.93
LSLN2,NSNN,no salinity,no nutrients,exotic,Protasparagus aethiopicus,PA,5.86,5.71
LSLN2,NSNN,no salinity,no nutrients,exotic,Protasparagus aethiopicus,PA,1.57,2.42
LSLN2,NSNN,no salinity,no nutrients,exotic,Protasparagus aethiopicus,PA,7.88,6.82
LSLN2,NSNN,no salinity,no nutrients,exotic,Protasparagus aethiopicus,PA,2.13,2.05
LSLN2,NSNN,no salinity,no nutrients,exotic,Protasparagus aethiopicus,PA,5.3,6.47
LSLN2,NSNN,no salinity,no nutrients,exotic,Protasparagus aethiopicus,PA,19.67,11.95
LSLN2,NSNN,no salinity,no nutrients,exotic,Protasparagus aethiopicus,PA,3.13,4.57
LSLN2,NSNN,no salinity,no nutrients,exotic,Protasparagus aethiopicus,PA,3.44,4.22
LSLN2,NSNN,no salinity,no nutrients,exotic,Protasparagus aethiopicus,PA,3.76,3.75
LSLN2,NSNN,no salinity,no nutrients,exotic,Protasparagus aethiopicus,PA,4.13,1.89
LSLN2,NSNN,no salinity,no nutrients,exotic,Protasparagus aethiopicus,PA,2.62,2.73
LSLN2,NSNN,no salinity,no nutrients,exotic,Protasparagus aethiopicus,PA,2.62,3.86
LSLN2,NSNN,no salinity,no nutrients,exotic,Protasparagus aethiopicus,PA,2.28,1.96
LSLN2,NSNN,no salinity,no nutrients,exotic,Protasparagus aethiopicus,PA,5.43,1.71
LSLN3,NSNN,no salinity,no nutrients,exotic,Protasparagus aethiopicus,PA,3.09,2.18
LSLN3,NSNN,no salinity,no nutrients,exotic,Protasparagus aethiopicus,PA,0.71,0.78
LSLN3,NSNN,no salinity,no nutrients,exotic,Protasparagus aethiopicus,PA,1.06,0.41
LSLN3,NSNN,no salinity,no nutrients,exotic,Protasparagus aethiopicus,PA,2.74,0.38
LSLN3,NSNN,no salinity,no nutrients,exotic,Protasparagus aethiopicus,PA,4.47,1.65
LSLN3,NSNN,no salinity,no nutrients,exotic,Protasparagus aethiopicus,PA,0.58,0.28
LSLN3,NSNN,no salinity,no nutrients,exotic,Protasparagus aethiopicus,PA,1.52,0.44
LSLN3,NSNN,no salinity,no nutrients,exotic,Protasparagus aethiopicus,PA,5.12,1.58
LSLN3,NSNN,no salinity,no nutrients,exotic,Protasparagus aethiopicus,PA,2.75,1.38
LSLN3,NSNN,no salinity,no nutrients,exotic,Protasparagus aethiopicus,PA,2.97,0.58
LSLN3,NSNN,no salinity,no nutrients,exotic,Protasparagus aethiopicus,PA,2.84,0.45
LSLN3,NSNN,no salinity,no nutrients,exotic,Protasparagus aethiopicus,PA,2.72,1.39
LSLN3,NSNN,no salinity,no nutrients,exotic,Protasparagus aethiopicus,PA,1.73,0.25
LSLN3,NSNN,no salinity,no nutrients,exotic,Protasparagus aethiopicus,PA,2.04,1.04
LSLN3,NSNN,no salinity,no nutrients,exotic,Protasparagus aethiopicus,PA,0.36,0.62
LSLN3,NSNN,no salinity,no nutrients,exotic,Protasparagus aethiopicus,PA,1.69,0.73
LSLN3,NSNN,no salinity,no nutrients,exotic,Protasparagus aethiopicus,PA,3.21,1.14
LSLN3,NSNN,no salinity,no nutrients,exotic,Protasparagus aethiopicus,PA,0.68,0.57
LSLN3,NSNN,no salinity,no nutrients,exotic,Protasparagus aethiopicus,PA,0.39,0.28
LSLN3,NSNN,no salinity,no nutrients,exotic,Protasparagus aethiopicus,PA,0.79,0.25
LSLN3,NSNN,no salinity,no nutrients,exotic,Protasparagus aethiopicus,PA,0.35,0.76
LSLN3,NSNN,no salinity,no nutrients,exotic,Protasparagus aethiopicus,PA,0.47,0.46
LSLN4,NSNN,no salinity,no nutrients,exotic,Protasparagus aethiopicus,PA,2.88,0.49
LSLN4,NSNN,no salinity,no nutrients,exotic,Protasparagus aethiopicus,PA,1.3,0.69
LSLN4,NSNN,no salinity,no nutrients,exotic,Protasparagus aethiopicus,PA,0.24,0.43
LSLN4,NSNN,no salinity,no nutrients,exotic,Protasparagus aethiopicus,PA,0.66,0.23
LSLN4,NSNN,no salinity,no nutrients,exotic,Protasparagus aethiopicus,PA,0.31,0.16
LSLN4,NSNN,no salinity,no nutrients,exotic,Protasparagus aethiopicus,PA,2.17,0.36
LSLN4,NSNN,no salinity,no nutrients,exotic,Protasparagus aethiopicus,PA,1.15,0.8
LSLN4,NSNN,no salinity,no nutrients,exotic,Protasparagus aethiopicus,PA,1.57,0.99
LSLN4,NSNN,no salinity,no nutrients,exotic,Protasparagus aethiopicus,PA,1.07,0.54
LSLN4,NSNN,no salinity,no nutrients,exotic,Protasparagus aethiopicus,PA,0.34,0.26
LSLN4,NSNN,no salinity,no nutrients,exotic,Protasparagus aethiopicus,PA,12.82,15.03
LSLN4,NSNN,no salinity,no nutrients,exotic,Protasparagus aethiopicus,PA,5.74,6.58
LSLN4,NSNN,no salinity,no nutrients,exotic,Protasparagus aethiopicus,PA,19.14,7.22
LSLN4,NSNN,no salinity,no nutrients,exotic,Protasparagus aethiopicus,PA,17.04,15.35
LSLN5,NSNN,no salinity,no nutrients,exotic,Protasparagus aethiopicus,PA,26.61,3.78
LSLN5,NSNN,no salinity,no nutrients,exotic,Protasparagus aethiopicus,PA,17.15,11.68
LSLN5,NSNN,no salinity,no nutrients,exotic,Protasparagus aethiopicus,PA,19.1,5.24
LSLN5,NSNN,no salinity,no nutrients,exotic,Protasparagus aethiopicus,PA,8.44,2.1
LSLN5,NSNN,no salinity,no nutrients,exotic,Protasparagus aethiopicus,PA,19.47,3.7
LSLN5,NSNN,no salinity,no nutrients,exotic,Protasparagus aethiopicus,PA,2.43,10.07
LSLN5,NSNN,no salinity,no nutrients,exotic,Protasparagus aethiopicus,PA,3.69,2.94
LSLN5,NSNN,no salinity,no nutrients,exotic,Protasparagus aethiopicus,PA,1.87,5.01
LSLN5,NSNN,no salinity,no nutrients,exotic,Protasparagus aethiopicus,PA,1.85,1.94
LSLN5,NSNN,no salinity,no nutrients,exotic,Protasparagus aethiopicus,PA,3.93,1.75
LSLN5,NSNN,no salinity,no nutrients,exotic,Protasparagus aethiopicus,PA,4.43,3.37
LSLN5,NSNN,no salinity,no nutrients,exotic,Protasparagus aethiopicus,PA,10.49,3.16
LSLN5,NSNN,no salinity,no nutrients,exotic,Protasparagus aethiopicus,PA,0.7,0.56
LSLN5,NSNN,no salinity,no nutrients,exotic,Protasparagus aethiopicus,PA,1.43,1.79
LSLN5,NSNN,no salinity,no nutrients,exotic,Protasparagus aethiopicus,PA,0.86,1.93
LSLN5,NSNN,no salinity,no nutrients,exotic,Protasparagus aethiopicus,PA,3.26,2.54
LSLN5,NSNN,no salinity,no nutrients,exotic,Protasparagus aethiopicus,PA,2.59,1.88
LSLN6,NSNN,no salinity,no nutrients,exotic,Protasparagus aethiopicus,PA,3.2,4.13
LSLN6,NSNN,no salinity,no nutrients,exotic,Protasparagus aethiopicus,PA,3.57,2.93
LSLN6,NSNN,no salinity,no nutrients,exotic,Protasparagus aethiopicus,PA,2.29,2.8
LSLN6,NSNN,no salinity,no nutrients,exotic,Protasparagus aethiopicus,PA,1.56,2.83
LSLN6,NSNN,no salinity,no nutrients,exotic,Protasparagus aethiopicus,PA,2.46,2.78
LSLN6,NSNN,no salinity,no nutrients,exotic,Protasparagus aethiopicus,PA,3,2.21
LSLN6,NSNN,no salinity,no nutrients,exotic,Protasparagus aethiopicus,PA,2,3.78
LSLN7,NSNN,no salinity,no nutrients,exotic,Protasparagus aethiopicus,PA,14.29,33.75
LSLN7,NSNN,no salinity,no nutrients,exotic,Protasparagus aethiopicus,PA,13.97,15.75
LSLN7,NSNN,no salinity,no nutrients,exotic,Protasparagus aethiopicus,PA,13.78,33.76
LSLN7,NSNN,no salinity,no nutrients,exotic,Protasparagus aethiopicus,PA,15.26,61.2
LSLN7,NSNN,no salinity,no nutrients,exotic,Protasparagus aethiopicus,PA,22.41,46.43
LSLN7,NSNN,no salinity,no nutrients,exotic,Protasparagus aethiopicus,PA,18.96,35.85
LSLN7,NSNN,no salinity,no nutrients,exotic,Protasparagus aethiopicus,PA,14.26,55.57
LSLN7,NSNN,no salinity,no nutrients,exotic,Protasparagus aethiopicus,PA,15.81,36.63
LSLN7,NSNN,no salinity,no nutrients,exotic,Protasparagus aethiopicus,PA,10.33,46.06
LSLN7,NSNN,no salinity,no nutrients,exotic,Protasparagus aethiopicus,PA,16.44,51.28
LSLN7,NSNN,no salinity,no nutrients,exotic,Protasparagus aethiopicus,PA,18.44,34.13
LSLN7,NSNN,no salinity,no nutrients,exotic,Protasparagus aethiopicus,PA,13.28,55.46
LSLN7,NSNN,no salinity,no nutrients,exotic,Protasparagus aethiopicus,PA,18.82,55.02
LSHN1,NSHN,no salinity,high nutrients,exotic,Acetosa sagittata,AS,8.2,17.4
LSHN1,NSHN,no salinity,high nutrients,exotic,Acetosa sagittata,AS,7.9,25.3
LSHN1,NSHN,no salinity,high nutrients,exotic,Acetosa sagittata,AS,0.69,0.9
LSHN1,NSHN,no salinity,high nutrients,exotic,Acetosa sagittata,AS,2.67,15.43
LSHN1,NSHN,no salinity,high nutrients,exotic,Acetosa sagittata,AS,6.11,25.47
LSHN1,NSHN,no salinity,high nutrients,exotic,Acetosa sagittata,AS,13.15,11.47
LSHN1,NSHN,no salinity,high nutrients,exotic,Acetosa sagittata,AS,5.18,14.73
LSHN1,NSHN,no salinity,high nutrients,exotic,Acetosa sagittata,AS,6.06,22.93
LSHN1,NSHN,no salinity,high nutrients,exotic,Acetosa sagittata,AS,8.88,12.91
LSHN1,NSHN,no salinity,high nutrients,exotic,Acetosa sagittata,AS,6.11,16.36
LSHN1,NSHN,no salinity,high nutrients,exotic,Acetosa sagittata,AS,6.6,11.48
LSHN1,NSHN,no salinity,high nutrients,exotic,Acetosa sagittata,AS,7.25,26.63
LSHN1,NSHN,no salinity,high nutrients,exotic,Acetosa sagittata,AS,11.63,30.02
LSHN1,NSHN,no salinity,high nutrients,exotic,Acetosa sagittata,AS,5.87,25.76
LSHN1,NSHN,no salinity,high nutrients,exotic,Acetosa sagittata,AS,6.27,17.31
LSHN1,NSHN,no salinity,high nutrients,exotic,Acetosa sagittata,AS,10.37,18.45
LSHN1,NSHN,no salinity,high nutrients,exotic,Acetosa sagittata,AS,8.55,10.74
LSHN2,NSHN,no salinity,high nutrients,exotic,Acetosa sagittata,AS,6.17,22.92
LSHN2,NSHN,no salinity,high nutrients,exotic,Acetosa sagittata,AS,7.22,18.34
LSHN2,NSHN,no salinity,high nutrients,exotic,Acetosa sagittata,AS,3.67,19.84
LSHN2,NSHN,no salinity,high nutrients,exotic,Acetosa sagittata,AS,7.64,13.98
LSHN2,NSHN,no salinity,high nutrients,exotic,Acetosa sagittata,AS,1.35,1.26
LSHN2,NSHN,no salinity,high nutrients,exotic,Acetosa sagittata,AS,11.1,20.1
LSHN2,NSHN,no salinity,high nutrients,exotic,Acetosa sagittata,AS,6.6,62.3
LSHN2,NSHN,no salinity,high nutrients,exotic,Acetosa sagittata,AS,7.6,26.6
LSHN2,NSHN,no salinity,high nutrients,exotic,Acetosa sagittata,AS,6.2,26.2
LSHN2,NSHN,no salinity,high nutrients,exotic,Acetosa sagittata,AS,13.1,30.9
LSHN2,NSHN,no salinity,high nutrients,exotic,Acetosa sagittata,AS,6.2,30.4
LSHN2,NSHN,no salinity,high nutrients,exotic,Acetosa sagittata,AS,5.8,14.3
LSHN2,NSHN,no salinity,high nutrients,exotic,Acetosa sagittata,AS,11.3,20.7
LSHN2,NSHN,no salinity,high nutrients,exotic,Acetosa sagittata,AS,6.2,19.4
LSHN2,NSHN,no salinity,high nutrients,exotic,Acetosa sagittata,AS,7.1,16.4
LSHN2,NSHN,no salinity,high nutrients,exotic,Acetosa sagittata,AS,5.9,31.2
LSHN2,NSHN,no salinity,high nutrients,exotic,Acetosa sagittata,AS,5.4,18.8
LSHN2,NSHN,no salinity,high nutrients,exotic,Acetosa sagittata,AS,8.7,8.2
LSHN2,NSHN,no salinity,high nutrients,exotic,Acetosa sagittata,AS,5.86,21.71
LSHN3,NSHN,no salinity,high nutrients,exotic,Acetosa sagittata,AS,23.02,28.4
LSHN3,NSHN,no salinity,high nutrients,exotic,Acetosa sagittata,AS,26.51,9.78
LSHN3,NSHN,no salinity,high nutrients,exotic,Acetosa sagittata,AS,7.97,14.27
LSHN3,NSHN,no salinity,high nutrients,exotic,Acetosa sagittata,AS,10.73,33.16
LSHN3,NSHN,no salinity,high nutrients,exotic,Acetosa sagittata,AS,2.19,5.07
LSHN3,NSHN,no salinity,high nutrients,exotic,Acetosa sagittata,AS,10.17,28.488
LSHN3,NSHN,no salinity,high nutrients,exotic,Acetosa sagittata,AS,15.9,33.96
LSHN3,NSHN,no salinity,high nutrients,exotic,Acetosa sagittata,AS,6.76,22.97
LSHN3,NSHN,no salinity,high nutrients,exotic,Acetosa sagittata,AS,3.12,9.64
LSHN3,NSHN,no salinity,high nutrients,exotic,Acetosa sagittata,AS,10.07,16
LSHN3,NSHN,no salinity,high nutrients,exotic,Acetosa sagittata,AS,1.33,1.75
LSHN3,NSHN,no salinity,high nutrients,exotic,Acetosa sagittata,AS,0.46,1.13
LSHN4,NSHN,no salinity,high nutrients,exotic,Acetosa sagittata,AS,0.82,0.71
LSHN4,NSHN,no salinity,high nutrients,exotic,Acetosa sagittata,AS,0.42,0.16
LSHN4,NSHN,no salinity,high nutrients,exotic,Acetosa sagittata,AS,8.92,12.33
LSHN4,NSHN,no salinity,high nutrients,exotic,Acetosa sagittata,AS,8.11,17.77
LSHN4,NSHN,no salinity,high nutrients,exotic,Acetosa sagittata,AS,15.45,12.78
LSHN4,NSHN,no salinity,high nutrients,exotic,Acetosa sagittata,AS,14.24,23.24
LSHN4,NSHN,no salinity,high nutrients,exotic,Acetosa sagittata,AS,5.46,15.33
LSHN4,NSHN,no salinity,high nutrients,exotic,Acetosa sagittata,AS,10.53,18.94
LSHN4,NSHN,no salinity,high nutrients,exotic,Acetosa sagittata,AS,6.69,20.82
LSHN5,NSHN,no salinity,high nutrients,exotic,Acetosa sagittata,AS,7.28,19.69
LSHN5,NSHN,no salinity,high nutrients,exotic,Acetosa sagittata,AS,6.83,24.42
LSHN5,NSHN,no salinity,high nutrients,exotic,Acetosa sagittata,AS,8.82,25.25
LSHN5,NSHN,no salinity,high nutrients,exotic,Acetosa sagittata,AS,8.51,19.3
LSHN5,NSHN,no salinity,high nutrients,exotic,Acetosa sagittata,AS,5.81,12.14
LSHN5,NSHN,no salinity,high nutrients,exotic,Acetosa sagittata,AS,8.4,20.03
LSHN5,NSHN,no salinity,high nutrients,exotic,Acetosa sagittata,AS,8.4,10.42
LSHN5,NSHN,no salinity,high nutrients,exotic,Acetosa sagittata,AS,15.49,29.33
LSHN5,NSHN,no salinity,high nutrients,exotic,Acetosa sagittata,AS,9.23,24.64
LSHN5,NSHN,no salinity,high nutrients,exotic,Acetosa sagittata,AS,7.65,22.65
LSHN5,NSHN,no salinity,high nutrients,exotic,Acetosa sagittata,AS,9.67,17.84
LSHN6,NSHN,no salinity,high nutrients,exotic,Acetosa sagittata,AS,3.25,4.5
LSHN6,NSHN,no salinity,high nutrients,exotic,Acetosa sagittata,AS,5.37,14.88
LSHN6,NSHN,no salinity,high nutrients,exotic,Acetosa sagittata,AS,5.26,20.44
LSHN6,NSHN,no salinity,high nutrients,exotic,Acetosa sagittata,AS,7.21,7.6
LSHN6,NSHN,no salinity,high nutrients,exotic,Acetosa sagittata,AS,5.8,15
LSHN6,NSHN,no salinity,high nutrients,exotic,Acetosa sagittata,AS,3.4,21.8
LSHN6,NSHN,no salinity,high nutrients,exotic,Acetosa sagittata,AS,6.7,9.2
LSHN6,NSHN,no salinity,high nutrients,exotic,Acetosa sagittata,AS,1.6,11
LSHN6,NSHN,no salinity,high nutrients,exotic,Acetosa sagittata,AS,2.9,23.8
LSHN6,NSHN,no salinity,high nutrients,exotic,Acetosa sagittata,AS,9.6,59.2
LSHN6,NSHN,no salinity,high nutrients,exotic,Acetosa sagittata,AS,16.1,14.5
LSHN6,NSHN,no salinity,high nutrients,exotic,Acetosa sagittata,AS,15.3,56.5
LSHN6,NSHN,no salinity,high nutrients,exotic,Acetosa sagittata,AS,7.1,14.1
LSHN6,NSHN,no salinity,high nutrients,exotic,Acetosa sagittata,AS,4.9,29.5
LSHN6,NSHN,no salinity,high nutrients,exotic,Acetosa sagittata,AS,16.48,27.16
LSHN7,NSHN,no salinity,high nutrients,exotic,Acetosa sagittata,AS,7.37,29.63
LSHN7,NSHN,no salinity,high nutrients,exotic,Acetosa sagittata,AS,8.01,14.06
LSHN7,NSHN,no salinity,high nutrients,exotic,Acetosa sagittata,AS,5.96,15.55
LSHN7,NSHN,no salinity,high nutrients,exotic,Acetosa sagittata,AS,7.21,20.93
LSHN7,NSHN,no salinity,high nutrients,exotic,Acetosa sagittata,AS,9.71,21.06
LSHN7,NSHN,no salinity,high nutrients,exotic,Acetosa sagittata,AS,5.47,23.03
LSHN7,NSHN,no salinity,high nutrients,exotic,Acetosa sagittata,AS,5.26,8.81
LSHN7,NSHN,no salinity,high nutrients,exotic,Acetosa sagittata,AS,2.6,44.3
LSHN7,NSHN,no salinity,high nutrients,exotic,Acetosa sagittata,AS,8.7,57.4
LSHN7,NSHN,no salinity,high nutrients,exotic,Acetosa sagittata,AS,10.8,29.1
LSHN7,NSHN,no salinity,high nutrients,exotic,Acetosa sagittata,AS,16.4,25.1
LSHN7,NSHN,no salinity,high nutrients,exotic,Acetosa sagittata,AS,1.2,16.2
LSHN7,NSHN,no salinity,high nutrients,exotic,Acetosa sagittata,AS,3.2,28.5
LSHN2,NSHN,no salinity,high nutrients,exotic,Bidens pilosa,BP,98.71,108.77
LSHN2,NSHN,no salinity,high nutrients,exotic,Bidens pilosa,BP,33.37,34.41
LSHN2,NSHN,no salinity,high nutrients,exotic,Bidens pilosa,BP,227.26,185.24
LSHN2,NSHN,no salinity,high nutrients,exotic,Bidens pilosa,BP,124.99,59.28
LSHN2,NSHN,no salinity,high nutrients,exotic,Bidens pilosa,BP,132.39,45.29
LSHN2,NSHN,no salinity,high nutrients,exotic,Bidens pilosa,BP,323.27,50.04
LSHN2,NSHN,no salinity,high nutrients,exotic,Bidens pilosa,BP,59.83,14.46
LSHN2,NSHN,no salinity,high nutrients,exotic,Bidens pilosa,BP,40.64,22.9
LSHN2,NSHN,no salinity,high nutrients,exotic,Bidens pilosa,BP,81.26,17.17
LSHN2,NSHN,no salinity,high nutrients,exotic,Bidens pilosa,BP,50.14,11.12
LSHN3,NSHN,no salinity,high nutrients,exotic,Bidens pilosa,BP,30.07,26.67
LSHN3,NSHN,no salinity,high nutrients,exotic,Bidens pilosa,BP,455.55,111.49
LSHN3,NSHN,no salinity,high nutrients,exotic,Bidens pilosa,BP,0.8,0.22
LSHN3,NSHN,no salinity,high nutrients,exotic,Bidens pilosa,BP,1.7,0.38
LSHN3,NSHN,no salinity,high nutrients,exotic,Bidens pilosa,BP,0.66,0.28
LSHN3,NSHN,no salinity,high nutrients,exotic,Bidens pilosa,BP,0.49,0.23
LSHN3,NSHN,no salinity,high nutrients,exotic,Bidens pilosa,BP,0.32,0.26
LSHN3,NSHN,no salinity,high nutrients,exotic,Bidens pilosa,BP,3.16,11.63
LSHN3,NSHN,no salinity,high nutrients,exotic,Bidens pilosa,BP,7.02,20.03
LSHN3,NSHN,no salinity,high nutrients,exotic,Bidens pilosa,BP,13.18,24.59
LSHN3,NSHN,no salinity,high nutrients,exotic,Bidens pilosa,BP,22.28,35.42
LSHN3,NSHN,no salinity,high nutrients,exotic,Bidens pilosa,BP,7.19,12.52
LSHN3,NSHN,no salinity,high nutrients,exotic,Bidens pilosa,BP,15.6,18.58
LSHN4,NSHN,no salinity,high nutrients,exotic,Bidens pilosa,BP,15.47,29.4
LSHN4,NSHN,no salinity,high nutrients,exotic,Bidens pilosa,BP,10.45,14.15
LSHN4,NSHN,no salinity,high nutrients,exotic,Bidens pilosa,BP,8.42,36.41
LSHN4,NSHN,no salinity,high nutrients,exotic,Bidens pilosa,BP,6.35,16.48
LSHN4,NSHN,no salinity,high nutrients,exotic,Bidens pilosa,BP,11.46,28.87
LSHN4,NSHN,no salinity,high nutrients,exotic,Bidens pilosa,BP,7.34,13.52
LSHN4,NSHN,no salinity,high nutrients,exotic,Bidens pilosa,BP,6.33,18.52
LSHN4,NSHN,no salinity,high nutrients,exotic,Bidens pilosa,BP,7.77,12.42
LSHN4,NSHN,no salinity,high nutrients,exotic,Bidens pilosa,BP,16.68,13.79
LSHN4,NSHN,no salinity,high nutrients,exotic,Bidens pilosa,BP,13.26,22.44
LSHN4,NSHN,no salinity,high nutrients,exotic,Bidens pilosa,BP,22.04,25.23
LSHN4,NSHN,no salinity,high nutrients,exotic,Bidens pilosa,BP,15.29,32.68
LSHN4,NSHN,no salinity,high nutrients,exotic,Bidens pilosa,BP,21.91,22.36
LSHN5,NSHN,no salinity,high nutrients,exotic,Bidens pilosa,BP,22.32,43.36
LSHN5,NSHN,no salinity,high nutrients,exotic,Bidens pilosa,BP,24.49,20.47
LSHN5,NSHN,no salinity,high nutrients,exotic,Bidens pilosa,BP,23.71,43.01
LSHN5,NSHN,no salinity,high nutrients,exotic,Bidens pilosa,BP,16.84,25.64
LSHN5,NSHN,no salinity,high nutrients,exotic,Bidens pilosa,BP,8.54,20.44
LSHN5,NSHN,no salinity,high nutrients,exotic,Bidens pilosa,BP,19.89,45.63
LSHN5,NSHN,no salinity,high nutrients,exotic,Bidens pilosa,BP,12.77,39.95
LSHN5,NSHN,no salinity,high nutrients,exotic,Bidens pilosa,BP,18.72,50.1
LSHN5,NSHN,no salinity,high nutrients,exotic,Bidens pilosa,BP,14.42,27.99
LSHN5,NSHN,no salinity,high nutrients,exotic,Bidens pilosa,BP,25.41,30.08
LSHN5,NSHN,no salinity,high nutrients,exotic,Bidens pilosa,BP,17.04,42.03
LSHN5,NSHN,no salinity,high nutrients,exotic,Bidens pilosa,BP,11.9,13.11
LSHN5,NSHN,no salinity,high nutrients,exotic,Bidens pilosa,BP,16.73,34.96
LSHN5,NSHN,no salinity,high nutrients,exotic,Bidens pilosa,BP,15.4,25.52
LSHN5,NSHN,no salinity,high nutrients,exotic,Bidens pilosa,BP,16.95,33.57
LSHN5,NSHN,no salinity,high nutrients,exotic,Bidens pilosa,BP,34.13,63.68
LSHN5,NSHN,no salinity,high nutrients,exotic,Bidens pilosa,BP,22.66,44.58
LSHN5,NSHN,no salinity,high nutrients,exotic,Bidens pilosa,BP,2.59,4.15
LSHN5,NSHN,no salinity,high nutrients,exotic,Bidens pilosa,BP,3.62,2.6
LSHN5,NSHN,no salinity,high nutrients,exotic,Bidens pilosa,BP,13.59,2.1
LSHN6,NSHN,no salinity,high nutrients,exotic,Bidens pilosa,BP,37.94,28.92
LSHN6,NSHN,no salinity,high nutrients,exotic,Bidens pilosa,BP,57.03,27.03
LSHN6,NSHN,no salinity,high nutrients,exotic,Bidens pilosa,BP,37.41,23.92
LSHN6,NSHN,no salinity,high nutrients,exotic,Bidens pilosa,BP,62.97,38.92
LSHN6,NSHN,no salinity,high nutrients,exotic,Bidens pilosa,BP,56.3,28.29
LSHN6,NSHN,no salinity,high nutrients,exotic,Bidens pilosa,BP,74.88,39.52
LSHN6,NSHN,no salinity,high nutrients,exotic,Bidens pilosa,BP,136.12,75.43
LSHN6,NSHN,no salinity,high nutrients,exotic,Bidens pilosa,BP,232.89,110.58
LSHN6,NSHN,no salinity,high nutrients,exotic,Bidens pilosa,BP,126.3,72.82
LSHN6,NSHN,no salinity,high nutrients,exotic,Bidens pilosa,BP,33.82,21.22
LSHN6,NSHN,no salinity,high nutrients,exotic,Bidens pilosa,BP,6.54,5.25
LSHN6,NSHN,no salinity,high nutrients,exotic,Bidens pilosa,BP,4.13,2.69
LSHN7,NSHN,no salinity,high nutrients,exotic,Bidens pilosa,BP,2.93,0.74
LSHN2,NSHN,no salinity,high nutrients,exotic,Conyza parva,CP,74.06,23.45
LSHN2,NSHN,no salinity,high nutrients,exotic,Conyza parva,CP,40.05,13.63
LSHN2,NSHN,no salinity,high nutrients,exotic,Conyza parva,CP,84.46,23.33
LSHN2,NSHN,no salinity,high nutrients,exotic,Conyza parva,CP,109.98,157.6
LSHN2,NSHN,no salinity,high nutrients,exotic,Conyza parva,CP,130.01,39.03
LSHN3,NSHN,no salinity,high nutrients,exotic,Conyza parva,CP,30.09,18.56
LSHN3,NSHN,no salinity,high nutrients,exotic,Conyza parva,CP,26.05,57.77
LSHN3,NSHN,no salinity,high nutrients,exotic,Conyza parva,CP,26.68,54.22
LSHN3,NSHN,no salinity,high nutrients,exotic,Conyza parva,CP,37.03,731.6
LSHN3,NSHN,no salinity,high nutrients,exotic,Conyza parva,CP,45.39,35.67
LSHN3,NSHN,no salinity,high nutrients,exotic,Conyza parva,CP,90.41,19.44
LSHN3,NSHN,no salinity,high nutrients,exotic,Conyza parva,CP,11.22,25.1
LSHN3,NSHN,no salinity,high nutrients,exotic,Conyza parva,CP,22.16,38.36
LSHN3,NSHN,no salinity,high nutrients,exotic,Conyza parva,CP,22.65,45.84
LSHN3,NSHN,no salinity,high nutrients,exotic,Conyza parva,CP,23.07,58.36
LSHN3,NSHN,no salinity,high nutrients,exotic,Conyza parva,CP,26.31,62.7
LSHN3,NSHN,no salinity,high nutrients,exotic,Conyza parva,CP,19.18,25.84
LSHN3,NSHN,no salinity,high nutrients,exotic,Conyza parva,CP,22.34,34.95
LSHN3,NSHN,no salinity,high nutrients,exotic,Conyza parva,CP,13.96,20.21
LSHN3,NSHN,no salinity,high nutrients,exotic,Conyza parva,CP,21.91,41.7
LSHN3,NSHN,no salinity,high nutrients,exotic,Conyza parva,CP,17.9,25.63
LSHN4,NSHN,no salinity,high nutrients,exotic,Conyza parva,CP,21.54,51.4
LSHN4,NSHN,no salinity,high nutrients,exotic,Conyza parva,CP,21.44,21.01
LSHN4,NSHN,no salinity,high nutrients,exotic,Conyza parva,CP,19.49,58.84
LSHN4,NSHN,no salinity,high nutrients,exotic,Conyza parva,CP,17.49,47.85
LSHN4,NSHN,no salinity,high nutrients,exotic,Conyza parva,CP,17.71,28.98
LSHN4,NSHN,no salinity,high nutrients,exotic,Conyza parva,CP,3.03,15.14
LSHN4,NSHN,no salinity,high nutrients,exotic,Conyza parva,CP,4.75,1.57
LSHN4,NSHN,no salinity,high nutrients,exotic,Conyza parva,CP,11.95,5.07
LSHN4,NSHN,no salinity,high nutrients,exotic,Conyza parva,CP,9.18,12.57
LSHN4,NSHN,no salinity,high nutrients,exotic,Conyza parva,CP,6.32,9.87
LSHN4,NSHN,no salinity,high nutrients,exotic,Conyza parva,CP,3.53,2.94
LSHN5,NSHN,no salinity,high nutrients,exotic,Conyza parva,CP,5.9,1.08
LSHN5,NSHN,no salinity,high nutrients,exotic,Conyza parva,CP,2.71,3.9
LSHN5,NSHN,no salinity,high nutrients,exotic,Conyza parva,CP,2.71,1.7
LSHN5,NSHN,no salinity,high nutrients,exotic,Conyza parva,CP,8.34,16.65
LSHN5,NSHN,no salinity,high nutrients,exotic,Conyza parva,CP,16.79,17.45
LSHN5,NSHN,no salinity,high nutrients,exotic,Conyza parva,CP,1.11,0.33
LSHN5,NSHN,no salinity,high nutrients,exotic,Conyza parva,CP,0.47,0.3
LSHN5,NSHN,no salinity,high nutrients,exotic,Conyza parva,CP,2.2,0.48
LSHN5,NSHN,no salinity,high nutrients,exotic,Conyza parva,CP,1.81,0.22
LSHN5,NSHN,no salinity,high nutrients,exotic,Conyza parva,CP,2.74,0.23
LSHN5,NSHN,no salinity,high nutrients,exotic,Conyza parva,CP,2.71,0.35
LSHN5,NSHN,no salinity,high nutrients,exotic,Conyza parva,CP,0.29,0.08
LSHN5,NSHN,no salinity,high nutrients,exotic,Conyza parva,CP,0.4,0.12
LSHN6,NSHN,no salinity,high nutrients,exotic,Conyza parva,CP,3.15,0.2
LSHN6,NSHN,no salinity,high nutrients,exotic,Conyza parva,CP,1.1,0.18
LSHN6,NSHN,no salinity,high nutrients,exotic,Conyza parva,CP,0.51,0.07
LSHN6,NSHN,no salinity,high nutrients,exotic,Conyza parva,CP,0.97,0.05
LSHN6,NSHN,no salinity,high nutrients,exotic,Conyza parva,CP,4.43,0.67
LSHN6,NSHN,no salinity,high nutrients,exotic,Conyza parva,CP,35.82,8.02
LSHN6,NSHN,no salinity,high nutrients,exotic,Conyza parva,CP,19.15,6.65
LSHN6,NSHN,no salinity,high nutrients,exotic,Conyza parva,CP,31.49,14.47
LSHN6,NSHN,no salinity,high nutrients,exotic,Conyza parva,CP,52.24,12.15
LSHN6,NSHN,no salinity,high nutrients,exotic,Conyza parva,CP,31.61,9.87
LSHN1,NSHN,no salinity,high nutrients,exotic,Protasparagus aethiopicus,PA,18.28,18.25
LSHN1,NSHN,no salinity,high nutrients,exotic,Protasparagus aethiopicus,PA,10.12,34.62
LSHN1,NSHN,no salinity,high nutrients,exotic,Protasparagus aethiopicus,PA,18.53,48.18
LSHN1,NSHN,no salinity,high nutrients,exotic,Protasparagus aethiopicus,PA,26.06,31.22
LSHN1,NSHN,no salinity,high nutrients,exotic,Protasparagus aethiopicus,PA,16.86,15.08
LSHN1,NSHN,no salinity,high nutrients,exotic,Protasparagus aethiopicus,PA,17.74,27.31
LSHN1,NSHN,no salinity,high nutrients,exotic,Protasparagus aethiopicus,PA,6.08,9.41
LSHN1,NSHN,no salinity,high nutrients,exotic,Protasparagus aethiopicus,PA,3.07,0.91
LSHN1,NSHN,no salinity,high nutrients,exotic,Protasparagus aethiopicus,PA,5.64,1.19
LSHN1,NSHN,no salinity,high nutrients,exotic,Protasparagus aethiopicus,PA,15.95,2.56
LSHN1,NSHN,no salinity,high nutrients,exotic,Protasparagus aethiopicus,PA,3.89,3.49
LSHN1,NSHN,no salinity,high nutrients,exotic,Protasparagus aethiopicus,PA,17.33,2.11
LSHN1,NSHN,no salinity,high nutrients,exotic,Protasparagus aethiopicus,PA,8.85,2.26
LSHN1,NSHN,no salinity,high nutrients,exotic,Protasparagus aethiopicus,PA,6.31,2.02
LSHN1,NSHN,no salinity,high nutrients,exotic,Protasparagus aethiopicus,PA,3.52,1.01
LSHN1,NSHN,no salinity,high nutrients,exotic,Protasparagus aethiopicus,PA,1.9,3.76
LSHN1,NSHN,no salinity,high nutrients,exotic,Protasparagus aethiopicus,PA,7.27,1.11
LSHN1,NSHN,no salinity,high nutrients,exotic,Protasparagus aethiopicus,PA,2.18,0.4
LSHN1,NSHN,no salinity,high nutrients,exotic,Protasparagus aethiopicus,PA,3.63,1.99
LSHN1,NSHN,no salinity,high nutrients,exotic,Protasparagus aethiopicus,PA,4.1,1.61
LSHN1,NSHN,no salinity,high nutrients,exotic,Protasparagus aethiopicus,PA,5.13,2.09
LSHN1,NSHN,no salinity,high nutrients,exotic,Protasparagus aethiopicus,PA,4.48,1.58
LSHN1,NSHN,no salinity,high nutrients,exotic,Protasparagus aethiopicus,PA,20.83,3.55
LSHN1,NSHN,no salinity,high nutrients,exotic,Protasparagus aethiopicus,PA,46.84,1.82
LSHN1,NSHN,no salinity,high nutrients,exotic,Protasparagus aethiopicus,PA,28.11,6.38
LSHN2,NSHN,no salinity,high nutrients,exotic,Protasparagus aethiopicus,PA,19.68,15.17
LSHN2,NSHN,no salinity,high nutrients,exotic,Protasparagus aethiopicus,PA,12.15,4.36
LSHN2,NSHN,no salinity,high nutrients,exotic,Protasparagus aethiopicus,PA,22.36,1.87
LSHN2,NSHN,no salinity,high nutrients,exotic,Protasparagus aethiopicus,PA,6.38,2.93
LSHN2,NSHN,no salinity,high nutrients,exotic,Protasparagus aethiopicus,PA,5.44,0.74
LSHN2,NSHN,no salinity,high nutrients,exotic,Protasparagus aethiopicus,PA,69.88,14.94
LSHN2,NSHN,no salinity,high nutrients,exotic,Protasparagus aethiopicus,PA,20.46,3.27
LSHN2,NSHN,no salinity,high nutrients,exotic,Protasparagus aethiopicus,PA,10.14,1.44
LSHN2,NSHN,no salinity,high nutrients,exotic,Protasparagus aethiopicus,PA,28.01,4.78
LSHN2,NSHN,no salinity,high nutrients,exotic,Protasparagus aethiopicus,PA,57.07,13.79
LSHN2,NSHN,no salinity,high nutrients,exotic,Protasparagus aethiopicus,PA,0.6,0.51
LSHN2,NSHN,no salinity,high nutrients,exotic,Protasparagus aethiopicus,PA,1,0.23
LSHN2,NSHN,no salinity,high nutrients,exotic,Protasparagus aethiopicus,PA,1.55,0.34
LSHN2,NSHN,no salinity,high nutrients,exotic,Protasparagus aethiopicus,PA,1.94,0.1
LSHN2,NSHN,no salinity,high nutrients,exotic,Protasparagus aethiopicus,PA,1.47,0.39
LSHN2,NSHN,no salinity,high nutrients,exotic,Protasparagus aethiopicus,PA,0.61,0.14
LSHN2,NSHN,no salinity,high nutrients,exotic,Protasparagus aethiopicus,PA,0.69,0.1
LSHN2,NSHN,no salinity,high nutrients,exotic,Protasparagus aethiopicus,PA,0.42,0.1
LSHN2,NSHN,no salinity,high nutrients,exotic,Protasparagus aethiopicus,PA,0.28,0.11
LSHN2,NSHN,no salinity,high nutrients,exotic,Protasparagus aethiopicus,PA,0.92,0.22
LSHN2,NSHN,no salinity,high nutrients,exotic,Protasparagus aethiopicus,PA,0.42,0.18
LSHN2,NSHN,no salinity,high nutrients,exotic,Protasparagus aethiopicus,PA,0.97,0.23
LSHN2,NSHN,no salinity,high nutrients,exotic,Protasparagus aethiopicus,PA,0.76,0.14
LSHN2,NSHN,no salinity,high nutrients,exotic,Protasparagus aethiopicus,PA,0.32,0.2
LSHN3,NSHN,no salinity,high nutrients,exotic,Protasparagus aethiopicus,PA,0.44,0.36
LSHN3,NSHN,no salinity,high nutrients,exotic,Protasparagus aethiopicus,PA,2,0.19
LSHN3,NSHN,no salinity,high nutrients,exotic,Protasparagus aethiopicus,PA,1.89,0.66
LSHN3,NSHN,no salinity,high nutrients,exotic,Protasparagus aethiopicus,PA,0.88,0.49
LSHN3,NSHN,no salinity,high nutrients,exotic,Protasparagus aethiopicus,PA,0.84,0.17
LSHN3,NSHN,no salinity,high nutrients,exotic,Protasparagus aethiopicus,PA,0.45,0.26
LSHN3,NSHN,no salinity,high nutrients,exotic,Protasparagus aethiopicus,PA,0.67,0.2
LSHN3,NSHN,no salinity,high nutrients,exotic,Protasparagus aethiopicus,PA,0.32,0.25
LSHN3,NSHN,no salinity,high nutrients,exotic,Protasparagus aethiopicus,PA,0.56,0.26
LSHN3,NSHN,no salinity,high nutrients,exotic,Protasparagus aethiopicus,PA,0.24,0.62
LSHN3,NSHN,no salinity,high nutrients,exotic,Protasparagus aethiopicus,PA,0.59,0.21
LSHN3,NSHN,no salinity,high nutrients,exotic,Protasparagus aethiopicus,PA,1.97,0.34
LSHN4,NSHN,no salinity,high nutrients,exotic,Protasparagus aethiopicus,PA,1.6,0.48
LSHN4,NSHN,no salinity,high nutrients,exotic,Protasparagus aethiopicus,PA,0.23,0.94
LSHN4,NSHN,no salinity,high nutrients,exotic,Protasparagus aethiopicus,PA,2.27,0.36
LSHN4,NSHN,no salinity,high nutrients,exotic,Protasparagus aethiopicus,PA,1.28,0.15
LSHN4,NSHN,no salinity,high nutrients,exotic,Protasparagus aethiopicus,PA,1.23,0.28
LSHN4,NSHN,no salinity,high nutrients,exotic,Protasparagus aethiopicus,PA,31.3,24.08
LSHN4,NSHN,no salinity,high nutrients,exotic,Protasparagus aethiopicus,PA,3.17,5.42
LSHN4,NSHN,no salinity,high nutrients,exotic,Protasparagus aethiopicus,PA,41.64,12.43
LSHN4,NSHN,no salinity,high nutrients,exotic,Protasparagus aethiopicus,PA,22.44,3.17
LSHN4,NSHN,no salinity,high nutrients,exotic,Protasparagus aethiopicus,PA,13.42,8.99
LSHN4,NSHN,no salinity,high nutrients,exotic,Protasparagus aethiopicus,PA,4.49,27.89
LSHN4,NSHN,no salinity,high nutrients,exotic,Protasparagus aethiopicus,PA,14.44,19.87
LSHN4,NSHN,no salinity,high nutrients,exotic,Protasparagus aethiopicus,PA,22.5,9.9
LSHN5,NSHN,no salinity,high nutrients,exotic,Protasparagus aethiopicus,PA,47.14,3.52
LSHN5,NSHN,no salinity,high nutrients,exotic,Protasparagus aethiopicus,PA,34.14,12.12
LSHN5,NSHN,no salinity,high nutrients,exotic,Protasparagus aethiopicus,PA,30.01,12.43
LSHN5,NSHN,no salinity,high nutrients,exotic,Protasparagus aethiopicus,PA,46.78,18.02
LSHN5,NSHN,no salinity,high nutrients,exotic,Protasparagus aethiopicus,PA,6.38,78.65
LSHN5,NSHN,no salinity,high nutrients,exotic,Protasparagus aethiopicus,PA,11.91,43.31
LSHN5,NSHN,no salinity,high nutrients,exotic,Protasparagus aethiopicus,PA,12.71,30.45
LSHN5,NSHN,no salinity,high nutrients,exotic,Protasparagus aethiopicus,PA,15.05,23.16
LSHN5,NSHN,no salinity,high nutrients,exotic,Protasparagus aethiopicus,PA,14.62,19.47
LSHN5,NSHN,no salinity,high nutrients,exotic,Protasparagus aethiopicus,PA,18.66,53.84
LSHN5,NSHN,no salinity,high nutrients,exotic,Protasparagus aethiopicus,PA,16.48,37.22
LSHN5,NSHN,no salinity,high nutrients,exotic,Protasparagus aethiopicus,PA,15.66,51.39
LSHN5,NSHN,no salinity,high nutrients,exotic,Protasparagus aethiopicus,PA,14.92,56.65
LSHN5,NSHN,no salinity,high nutrients,exotic,Protasparagus aethiopicus,PA,14.22,57.8
LSHN5,NSHN,no salinity,high nutrients,exotic,Protasparagus aethiopicus,PA,12.36,40.61
LSHN6,NSHN,no salinity,high nutrients,exotic,Protasparagus aethiopicus,PA,20.99,58.28
LSHN6,NSHN,no salinity,high nutrients,exotic,Protasparagus aethiopicus,PA,17.82,39.68
LSHN6,NSHN,no salinity,high nutrients,exotic,Protasparagus aethiopicus,PA,18.61,27.5
LSHN6,NSHN,no salinity,high nutrients,exotic,Protasparagus aethiopicus,PA,17.88,57.84
LSHN6,NSHN,no salinity,high nutrients,exotic,Protasparagus aethiopicus,PA,20.43,24.41
LSHN6,NSHN,no salinity,high nutrients,exotic,Protasparagus aethiopicus,PA,15.65,52.06
LSHN6,NSHN,no salinity,high nutrients,exotic,Protasparagus aethiopicus,PA,1.67,1.62
LSHN6,NSHN,no salinity,high nutrients,exotic,Protasparagus aethiopicus,PA,1.33,1.89
LSHN6,NSHN,no salinity,high nutrients,exotic,Protasparagus aethiopicus,PA,1.47,2.61
LSHN6,NSHN,no salinity,high nutrients,exotic,Protasparagus aethiopicus,PA,1.66,3.16
LSHN7,NSHN,no salinity,high nutrients,exotic,Protasparagus aethiopicus,PA,1.8,1.86
LSHN7,NSHN,no salinity,high nutrients,exotic,Protasparagus aethiopicus,PA,3.11,3.44
LSHN7,NSHN,no salinity,high nutrients,exotic,Protasparagus aethiopicus,PA,1.32,2.64
LSHN7,NSHN,no salinity,high nutrients,exotic,Protasparagus aethiopicus,PA,2.57,2.16
LSHN7,NSHN,no salinity,high nutrients,exotic,Protasparagus aethiopicus,PA,3.33,1.29
LSHN7,NSHN,no salinity,high nutrients,exotic,Protasparagus aethiopicus,PA,11.44,3.06
LSHN7,NSHN,no salinity,high nutrients,exotic,Protasparagus aethiopicus,PA,2.05,1.84
LSHN7,NSHN,no salinity,high nutrients,exotic,Protasparagus aethiopicus,PA,1.88,3.34
LSHN7,NSHN,no salinity,high nutrients,exotic,Protasparagus aethiopicus,PA,1.8,2.98
LSHN7,NSHN,no salinity,high nutrients,exotic,Protasparagus aethiopicus,PA,4.17,2.61
LSHN7,NSHN,no salinity,high nutrients,exotic,Protasparagus aethiopicus,PA,4.68,2.25
LSHN7,NSHN,no salinity,high nutrients,exotic,Protasparagus aethiopicus,PA,11.52,11.09
LSHN7,NSHN,no salinity,high nutrients,exotic,Protasparagus aethiopicus,PA,26.55,47.79
HSLN1,HSNN,high salinity,no nutrients,native,Sarcocornia quinqueflora,SQ,4.67,2.27
HSLN2,HSNN,high salinity,no nutrients,native,Sarcocornia quinqueflora,SQ,64900,24060
HSLN3,HSNN,high salinity,no nutrients,native,Sarcocornia quinqueflora,SQ,21080,18380
HSLN4,HSNN,high salinity,no nutrients,native,Sarcocornia quinqueflora,SQ,5610,3450
HSLN5,HSNN,high salinity,no nutrients,native,Sarcocornia quinqueflora,SQ,430,140
HSLN6,HSNN,high salinity,no nutrients,native,Sarcocornia quinqueflora,SQ,49080,30680
HSLN7,HSNN,high salinity,no nutrients,native,Sarcocornia quinqueflora,SQ,12280,13350
HSLN1,HSNN,high salinity,no nutrients,native,Selliera radicans,SR,2680,490
HSLN2,HSNN,high salinity,no nutrients,native,Selliera radicans,SR,16510,14450
HSLN3,HSNN,high salinity,no nutrients,native,Selliera radicans,SR,13940,22930
HSLN4,HSNN,high salinity,no nutrients,native,Selliera radicans,SR,5170,2880
HSLN5,HSNN,high salinity,no nutrients,native,Selliera radicans,SR,2100,780
HSLN6,HSNN,high salinity,no nutrients,native,Selliera radicans,SR,26360,11890
HSLN7,HSNN,high salinity,no nutrients,native,Selliera radicans,SR,11280,14420
HSLN1,HSNN,high salinity,no nutrients,native,Sueada australis,SA,1110,170
HSLN2,HSNN,high salinity,no nutrients,native,Sueada australis,SA,24410,6190
HSLN3,HSNN,high salinity,no nutrients,native,Sueada australis,SA,39390,30780
HSLN4,HSNN,high salinity,no nutrients,native,Sueada australis,SA,3830,3340
HSLN5,HSNN,high salinity,no nutrients,native,Sueada australis,SA,14070,560
HSLN6,HSNN,high salinity,no nutrients,native,Sueada australis,SA,26500,13610
HSLN7,HSNN,high salinity,no nutrients,native,Sueada australis,SA,40640,29180
HSLN1,HSNN,high salinity,no nutrients,native,Tetragonia tetragonoides,TT,0,420
HSLN2,HSNN,high salinity,no nutrients,native,Tetragonia tetragonoides,TT,9950,5000
HSLN3,HSNN,high salinity,no nutrients,native,Tetragonia tetragonoides,TT,15000,15780
HSLN4,HSNN,high salinity,no nutrients,native,Tetragonia tetragonoides,TT,5510,2740
HSLN5,HSNN,high salinity,no nutrients,native,Tetragonia tetragonoides,TT,1210,330
HSLN6,HSNN,high salinity,no nutrients,native,Tetragonia tetragonoides,TT,15880,4270
HSLN7,HSNN,high salinity,no nutrients,native,Tetragonia tetragonoides,TT,16120,15670
HSHN1,HSHN,high salinity,high nutrients,native,Sarcocornia quinqueflora,SQ,65610,17920
HSHN2,HSHN,high salinity,high nutrients,native,Sarcocornia quinqueflora,SQ,16180,14480
HSHN3,HSHN,high salinity,high nutrients,native,Sarcocornia quinqueflora,SQ,4440,2810
HSHN4,HSHN,high salinity,high nutrients,native,Sarcocornia quinqueflora,SQ,1340,160
HSHN5,HSHN,high salinity,high nutrients,native,Sarcocornia quinqueflora,SQ,45020,28550
HSHN6,HSHN,high salinity,high nutrients,native,Sarcocornia quinqueflora,SQ,22160,24760
HSHN7,HSHN,high salinity,high nutrients,native,Sarcocornia quinqueflora,SQ,2160,1470
HSHN1,HSHN,high salinity,high nutrients,native,Selliera radicans,SR,22760,12860
HSHN2,HSHN,high salinity,high nutrients,native,Selliera radicans,SR,11460,15630
HSHN3,HSHN,high salinity,high nutrients,native,Selliera radicans,SR,7430,4560
HSHN4,HSHN,high salinity,high nutrients,native,Selliera radicans,SR,0,260
HSHN5,HSHN,high salinity,high nutrients,native,Selliera radicans,SR,16960,7300
HSHN6,HSHN,high salinity,high nutrients,native,Selliera radicans,SR,23810,24650
HSHN7,HSHN,high salinity,high nutrients,native,Selliera radicans,SR,7840,3100
HSHN1,HSHN,high salinity,high nutrients,native,Sueada australis,SA,34430,15960
HSHN2,HSHN,high salinity,high nutrients,native,Sueada australis,SA,43310,29880
HSHN3,HSHN,high salinity,high nutrients,native,Sueada australis,SA,4580,2320
HSHN4,HSHN,high salinity,high nutrients,native,Sueada australis,SA,3530,710
HSHN5,HSHN,high salinity,high nutrients,native,Sueada australis,SA,44800,12900
HSHN6,HSHN,high salinity,high nutrients,native,Sueada australis,SA,38160,28080
HSHN7,HSHN,high salinity,high nutrients,native,Sueada australis,SA,1400,870
HSHN1,HSHN,high salinity,high nutrients,native,Tetragonia tetragonoides,TT,15000,5880
HSHN2,HSHN,high salinity,high nutrients,native,Tetragonia tetragonoides,TT,24710,29650
HSHN3,HSHN,high salinity,high nutrients,native,Tetragonia tetragonoides,TT,2820,1650
HSHN4,HSHN,high salinity,high nutrients,native,Tetragonia tetragonoides,TT,3900,500
HSHN5,HSHN,high salinity,high nutrients,native,Tetragonia tetragonoides,TT,23640,13870
HSHN6,HSHN,high salinity,high nutrients,native,Tetragonia tetragonoides,TT,14120,21120
HSHN7,HSHN,high salinity,high nutrients,native,Tetragonia tetragonoides,TT,4260,1630
LSLN1,NSNN,no salinity,no nutrients,native,Sarcocornia quinqueflora,SQ,13800,10580
LSLN2,NSNN,no salinity,no nutrients,native,Sarcocornia quinqueflora,SQ,8170,2640
LSLN3,NSNN,no salinity,no nutrients,native,Sarcocornia quinqueflora,SQ,5820,730
LSLN4,NSNN,no salinity,no nutrients,native,Sarcocornia quinqueflora,SQ,44130,13920
LSLN5,NSNN,no salinity,no nutrients,native,Sarcocornia quinqueflora,SQ,22240,26330
LSLN6,NSNN,no salinity,no nutrients,native,Sarcocornia quinqueflora,SQ,3210,2490
LSLN7,NSNN,no salinity,no nutrients,native,Sarcocornia quinqueflora,SQ,2380,160
LSLN1,NSNN,no salinity,no nutrients,native,Selliera radicans,SR,15210,13930
LSLN2,NSNN,no salinity,no nutrients,native,Selliera radicans,SR,9080,4570
LSLN3,NSNN,no salinity,no nutrients,native,Selliera radicans,SR,8650,750
LSLN4,NSNN,no salinity,no nutrients,native,Selliera radicans,SR,22370,10820
LSLN5,NSNN,no salinity,no nutrients,native,Selliera radicans,SR,14260,29210
LSLN6,NSNN,no salinity,no nutrients,native,Selliera radicans,SR,8940,4990
LSLN7,NSNN,no salinity,no nutrients,native,Selliera radicans,SR,1730,0
LSLN1,NSNN,no salinity,no nutrients,native,Sueada australis,SA,21130,24690
LSLN2,NSNN,no salinity,no nutrients,native,Sueada australis,SA,5480,1790
LSLN3,NSNN,no salinity,no nutrients,native,Sueada australis,SA,3600,1580
LSLN4,NSNN,no salinity,no nutrients,native,Sueada australis,SA,23750,5840
LSLN5,NSNN,no salinity,no nutrients,native,Sueada australis,SA,31940,24410
LSLN6,NSNN,no salinity,no nutrients,native,Sueada australis,SA,230,1290
LSLN7,NSNN,no salinity,no nutrients,native,Sueada australis,SA,20560,1990
LSLN1,NSNN,no salinity,no nutrients,native,Tetragonia tetragonoides,TT,20910,25450
LSLN2,NSNN,no salinity,no nutrients,native,Tetragonia tetragonoides,TT,5250,2110
LSLN3,NSNN,no salinity,no nutrients,native,Tetragonia tetragonoides,TT,1570,170
LSLN4,NSNN,no salinity,no nutrients,native,Tetragonia tetragonoides,TT,14890,6530
LSLN5,NSNN,no salinity,no nutrients,native,Tetragonia tetragonoides,TT,18200,16220
LSLN6,NSNN,no salinity,no nutrients,native,Tetragonia tetragonoides,TT,3820,1650
LSLN7,NSNN,no salinity,no nutrients,native,Tetragonia tetragonoides,TT,8650,820
LSHN1,NSHN,no salinity,high nutrients,native,Sarcocornia quinqueflora,SQ,6510,2930
LSHN2,NSHN,no salinity,high nutrients,native,Sarcocornia quinqueflora,SQ,3180,1050
LSHN3,NSHN,no salinity,high nutrients,native,Sarcocornia quinqueflora,SQ,52760,28310
LSHN4,NSHN,no salinity,high nutrients,native,Sarcocornia quinqueflora,SQ,6010,4990
LSHN5,NSHN,no salinity,high nutrients,native,Sarcocornia quinqueflora,SQ,3800,1530
LSHN6,NSHN,no salinity,high nutrients,native,Sarcocornia quinqueflora,SQ,4070,1250
LSHN7,NSHN,no salinity,high nutrients,native,Sarcocornia quinqueflora,SQ,51570,31790
LSHN1,NSHN,no salinity,high nutrients,native,Selliera radicans,SR,4340,2550
LSHN2,NSHN,no salinity,high nutrients,native,Selliera radicans,SR,2150,670
LSHN3,NSHN,no salinity,high nutrients,native,Selliera radicans,SR,15220,7730
LSHN4,NSHN,no salinity,high nutrients,native,Selliera radicans,SR,19020,25460
LSHN5,NSHN,no salinity,high nutrients,native,Selliera radicans,SR,6580,3300
LSHN6,NSHN,no salinity,high nutrients,native,Selliera radicans,SR,1930,250
LSHN7,NSHN,no salinity,high nutrients,native,Selliera radicans,SR,21850,7650
LSHN1,NSHN,no salinity,high nutrients,native,Sueada australis,SA,5490,2540
LSHN2,NSHN,no salinity,high nutrients,native,Sueada australis,SA,4450,370
LSHN3,NSHN,no salinity,high nutrients,native,Sueada australis,SA,37120,10410
LSHN4,NSHN,no salinity,high nutrients,native,Sueada australis,SA,37050,23820
LSHN5,NSHN,no salinity,high nutrients,native,Sueada australis,SA,1680,1650
LSHN6,NSHN,no salinity,high nutrients,native,Sueada australis,SA,2580,200
LSHN7,NSHN,no salinity,high nutrients,native,Sueada australis,SA,26930,8960
LSHN1,NSHN,no salinity,high nutrients,native,Tetragonia tetragonoides,TT,3830,2110
LSHN2,NSHN,no salinity,high nutrients,native,Tetragonia tetragonoides,TT,2540,680
LSHN3,NSHN,no salinity,high nutrients,native,Tetragonia tetragonoides,TT,23090,9210
LSHN4,NSHN,no salinity,high nutrients,native,Tetragonia tetragonoides,TT,22820,24460
LSHN5,NSHN,no salinity,high nutrients,native,Tetragonia tetragonoides,TT,4720,1640
LSHN6,NSHN,no salinity,high nutrients,native,Tetragonia tetragonoides,TT,1170,230
LSHN7,NSHN,no salinity,high nutrients,native,Tetragonia tetragonoides,TT,17860,6680
