time,status,Pot,treatment,species
1,2,HSHN1,HSHN,Acetosa_saggitata
1,2,HSHN1,HSHN,Acetosa_saggitata
1,2,HSHN1,HSHN,Acetosa_saggitata
1,2,HSHN1,HSHN,Acetosa_saggitata
1,2,HSHN1,HSHN,Acetosa_saggitata
1,2,HSHN1,HSHN,Acetosa_saggitata
1,2,HSHN1,HSHN,Acetosa_saggitata
1,2,HSHN1,HSHN,Acetosa_saggitata
1,2,HSHN1,HSHN,Acetosa_saggitata
1,2,HSHN1,HSHN,Acetosa_saggitata
1,2,HSHN1,HSHN,Acetosa_saggitata
1,2,HSHN1,HSHN,Acetosa_saggitata
1,2,HSHN1,HSHN,Acetosa_saggitata
1,2,HSHN1,HSHN,Acetosa_saggitata
1,2,HSHN1,HSHN,Acetosa_saggitata
1,2,HSHN2,HSHN,Acetosa_saggitata
1,2,HSHN2,HSHN,Acetosa_saggitata
1,2,HSHN2,HSHN,Acetosa_saggitata
1,2,HSHN2,HSHN,Acetosa_saggitata
4,2,HSHN2,HSHN,Acetosa_saggitata
4,2,HSHN2,HSHN,Acetosa_saggitata
4,2,HSHN2,HSHN,Acetosa_saggitata
4,2,HSHN2,HSHN,Acetosa_saggitata
4,2,HSHN2,HSHN,Acetosa_saggitata
4,2,HSHN2,HSHN,Acetosa_saggitata
5,2,HSHN2,HSHN,Acetosa_saggitata
5,2,HSHN2,HSHN,Acetosa_saggitata
5,2,HSHN2,HSHN,Acetosa_saggitata
5,2,HSHN2,HSHN,Acetosa_saggitata
7,2,HSHN2,HSHN,Acetosa_saggitata
7,2,HSHN2,HSHN,Acetosa_saggitata
1,2,HSHN3,HSHN,Acetosa_saggitata
4,2,HSHN3,HSHN,Acetosa_saggitata
4,2,HSHN3,HSHN,Acetosa_saggitata
4,2,HSHN3,HSHN,Acetosa_saggitata
5,2,HSHN3,HSHN,Acetosa_saggitata
5,2,HSHN3,HSHN,Acetosa_saggitata
5,2,HSHN3,HSHN,Acetosa_saggitata
6,2,HSHN3,HSHN,Acetosa_saggitata
6,2,HSHN3,HSHN,Acetosa_saggitata
7,2,HSHN3,HSHN,Acetosa_saggitata
7,1,HSHN3,HSHN,Acetosa_saggitata
7,1,HSHN3,HSHN,Acetosa_saggitata
7,1,HSHN3,HSHN,Acetosa_saggitata
7,1,HSHN3,HSHN,Acetosa_saggitata
7,1,HSHN3,HSHN,Acetosa_saggitata
1,2,HSHN4,HSHN,Acetosa_saggitata
1,2,HSHN4,HSHN,Acetosa_saggitata
1,2,HSHN4,HSHN,Acetosa_saggitata
1,2,HSHN4,HSHN,Acetosa_saggitata
2,2,HSHN4,HSHN,Acetosa_saggitata
5,2,HSHN4,HSHN,Acetosa_saggitata
5,2,HSHN4,HSHN,Acetosa_saggitata
5,2,HSHN4,HSHN,Acetosa_saggitata
5,2,HSHN4,HSHN,Acetosa_saggitata
6,2,HSHN4,HSHN,Acetosa_saggitata
6,2,HSHN4,HSHN,Acetosa_saggitata
6,2,HSHN4,HSHN,Acetosa_saggitata
6,2,HSHN4,HSHN,Acetosa_saggitata
6,2,HSHN4,HSHN,Acetosa_saggitata
6,2,HSHN4,HSHN,Acetosa_saggitata
6,2,HSHN4,HSHN,Acetosa_saggitata
1,2,HSHN5,HSHN,Acetosa_saggitata
1,2,HSHN5,HSHN,Acetosa_saggitata
1,2,HSHN5,HSHN,Acetosa_saggitata
1,2,HSHN5,HSHN,Acetosa_saggitata
4,2,HSHN5,HSHN,Acetosa_saggitata
4,2,HSHN5,HSHN,Acetosa_saggitata
6,2,HSHN5,HSHN,Acetosa_saggitata
6,2,HSHN5,HSHN,Acetosa_saggitata
6,2,HSHN5,HSHN,Acetosa_saggitata
6,2,HSHN5,HSHN,Acetosa_saggitata
6,2,HSHN5,HSHN,Acetosa_saggitata
6,2,HSHN5,HSHN,Acetosa_saggitata
6,2,HSHN5,HSHN,Acetosa_saggitata
7,2,HSHN5,HSHN,Acetosa_saggitata
7,1,HSHN5,HSHN,Acetosa_saggitata
1,2,HSHN6,HSHN,Acetosa_saggitata
1,2,HSHN6,HSHN,Acetosa_saggitata
1,2,HSHN6,HSHN,Acetosa_saggitata
1,2,HSHN6,HSHN,Acetosa_saggitata
1,2,HSHN6,HSHN,Acetosa_saggitata
1,2,HSHN6,HSHN,Acetosa_saggitata
1,2,HSHN6,HSHN,Acetosa_saggitata
1,2,HSHN6,HSHN,Acetosa_saggitata
1,2,HSHN6,HSHN,Acetosa_saggitata
1,2,HSHN6,HSHN,Acetosa_saggitata
1,2,HSHN6,HSHN,Acetosa_saggitata
1,2,HSHN6,HSHN,Acetosa_saggitata
1,2,HSHN6,HSHN,Acetosa_saggitata
4,2,HSHN6,HSHN,Acetosa_saggitata
4,2,HSHN6,HSHN,Acetosa_saggitata
1,2,HSHN7,HSHN,Acetosa_saggitata
1,2,HSHN7,HSHN,Acetosa_saggitata
1,2,HSHN7,HSHN,Acetosa_saggitata
1,2,HSHN7,HSHN,Acetosa_saggitata
1,2,HSHN7,HSHN,Acetosa_saggitata
1,2,HSHN7,HSHN,Acetosa_saggitata
2,2,HSHN7,HSHN,Acetosa_saggitata
2,2,HSHN7,HSHN,Acetosa_saggitata
4,2,HSHN7,HSHN,Acetosa_saggitata
4,2,HSHN7,HSHN,Acetosa_saggitata
4,2,HSHN7,HSHN,Acetosa_saggitata
5,2,HSHN7,HSHN,Acetosa_saggitata
5,2,HSHN7,HSHN,Acetosa_saggitata
6,2,HSHN7,HSHN,Acetosa_saggitata
7,1,HSHN7,HSHN,Acetosa_saggitata
1,2,HSLN1,HSLN,Acetosa_saggitata
1,2,HSLN1,HSLN,Acetosa_saggitata
1,2,HSLN1,HSLN,Acetosa_saggitata
1,2,HSLN1,HSLN,Acetosa_saggitata
1,2,HSLN1,HSLN,Acetosa_saggitata
1,2,HSLN1,HSLN,Acetosa_saggitata
1,2,HSLN1,HSLN,Acetosa_saggitata
1,2,HSLN1,HSLN,Acetosa_saggitata
3,2,HSLN1,HSLN,Acetosa_saggitata
3,2,HSLN1,HSLN,Acetosa_saggitata
4,2,HSLN1,HSLN,Acetosa_saggitata
4,2,HSLN1,HSLN,Acetosa_saggitata
5,2,HSLN1,HSLN,Acetosa_saggitata
5,2,HSLN1,HSLN,Acetosa_saggitata
6,2,HSLN1,HSLN,Acetosa_saggitata
1,2,HSLN2,HSLN,Acetosa_saggitata
1,2,HSLN2,HSLN,Acetosa_saggitata
1,2,HSLN2,HSLN,Acetosa_saggitata
1,2,HSLN2,HSLN,Acetosa_saggitata
1,2,HSLN2,HSLN,Acetosa_saggitata
1,2,HSLN2,HSLN,Acetosa_saggitata
4,2,HSLN2,HSLN,Acetosa_saggitata
4,2,HSLN2,HSLN,Acetosa_saggitata
4,2,HSLN2,HSLN,Acetosa_saggitata
4,2,HSLN2,HSLN,Acetosa_saggitata
4,2,HSLN2,HSLN,Acetosa_saggitata
4,2,HSLN2,HSLN,Acetosa_saggitata
4,2,HSLN2,HSLN,Acetosa_saggitata
4,2,HSLN2,HSLN,Acetosa_saggitata
6,2,HSLN2,HSLN,Acetosa_saggitata
1,2,HSLN3,HSLN,Acetosa_saggitata
1,2,HSLN3,HSLN,Acetosa_saggitata
1,2,HSLN3,HSLN,Acetosa_saggitata
1,2,HSLN3,HSLN,Acetosa_saggitata
2,2,HSLN3,HSLN,Acetosa_saggitata
4,2,HSLN3,HSLN,Acetosa_saggitata
4,2,HSLN3,HSLN,Acetosa_saggitata
4,2,HSLN3,HSLN,Acetosa_saggitata
4,2,HSLN3,HSLN,Acetosa_saggitata
4,2,HSLN3,HSLN,Acetosa_saggitata
4,2,HSLN3,HSLN,Acetosa_saggitata
4,2,HSLN3,HSLN,Acetosa_saggitata
5,2,HSLN3,HSLN,Acetosa_saggitata
5,2,HSLN3,HSLN,Acetosa_saggitata
5,2,HSLN3,HSLN,Acetosa_saggitata
1,2,HSLN4,HSLN,Acetosa_saggitata
1,2,HSLN4,HSLN,Acetosa_saggitata
1,2,HSLN4,HSLN,Acetosa_saggitata
1,2,HSLN4,HSLN,Acetosa_saggitata
1,2,HSLN4,HSLN,Acetosa_saggitata
1,2,HSLN4,HSLN,Acetosa_saggitata
1,2,HSLN4,HSLN,Acetosa_saggitata
2,2,HSLN4,HSLN,Acetosa_saggitata
2,2,HSLN4,HSLN,Acetosa_saggitata
3,2,HSLN4,HSLN,Acetosa_saggitata
5,2,HSLN4,HSLN,Acetosa_saggitata
5,2,HSLN4,HSLN,Acetosa_saggitata
5,2,HSLN4,HSLN,Acetosa_saggitata
6,2,HSLN4,HSLN,Acetosa_saggitata
6,2,HSLN4,HSLN,Acetosa_saggitata
2,2,HSLN5,HSLN,Acetosa_saggitata
4,2,HSLN5,HSLN,Acetosa_saggitata
4,2,HSLN5,HSLN,Acetosa_saggitata
4,2,HSLN5,HSLN,Acetosa_saggitata
4,2,HSLN5,HSLN,Acetosa_saggitata
4,2,HSLN5,HSLN,Acetosa_saggitata
5,2,HSLN5,HSLN,Acetosa_saggitata
5,2,HSLN5,HSLN,Acetosa_saggitata
5,2,HSLN5,HSLN,Acetosa_saggitata
6,2,HSLN5,HSLN,Acetosa_saggitata
6,2,HSLN5,HSLN,Acetosa_saggitata
6,2,HSLN5,HSLN,Acetosa_saggitata
6,2,HSLN5,HSLN,Acetosa_saggitata
6,2,HSLN5,HSLN,Acetosa_saggitata
6,2,HSLN5,HSLN,Acetosa_saggitata
1,2,HSLN6,HSLN,Acetosa_saggitata
1,2,HSLN6,HSLN,Acetosa_saggitata
1,2,HSLN6,HSLN,Acetosa_saggitata
1,2,HSLN6,HSLN,Acetosa_saggitata
1,2,HSLN6,HSLN,Acetosa_saggitata
1,2,HSLN6,HSLN,Acetosa_saggitata
2,2,HSLN6,HSLN,Acetosa_saggitata
4,2,HSLN6,HSLN,Acetosa_saggitata
5,2,HSLN6,HSLN,Acetosa_saggitata
5,2,HSLN6,HSLN,Acetosa_saggitata
5,2,HSLN6,HSLN,Acetosa_saggitata
5,2,HSLN6,HSLN,Acetosa_saggitata
6,2,HSLN6,HSLN,Acetosa_saggitata
6,2,HSLN6,HSLN,Acetosa_saggitata
7,2,HSLN6,HSLN,Acetosa_saggitata
1,2,HSLN7,HSLN,Acetosa_saggitata
1,2,HSLN7,HSLN,Acetosa_saggitata
1,2,HSLN7,HSLN,Acetosa_saggitata
1,2,HSLN7,HSLN,Acetosa_saggitata
1,2,HSLN7,HSLN,Acetosa_saggitata
1,2,HSLN7,HSLN,Acetosa_saggitata
1,2,HSLN7,HSLN,Acetosa_saggitata
1,2,HSLN7,HSLN,Acetosa_saggitata
1,2,HSLN7,HSLN,Acetosa_saggitata
1,2,HSLN7,HSLN,Acetosa_saggitata
1,2,HSLN7,HSLN,Acetosa_saggitata
1,2,HSLN7,HSLN,Acetosa_saggitata
1,2,HSLN7,HSLN,Acetosa_saggitata
1,2,HSLN7,HSLN,Acetosa_saggitata
2,2,HSLN7,HSLN,Acetosa_saggitata
2,2,LSHN1,LSHN,Acetosa_saggitata
7,1,LSHN1,LSHN,Acetosa_saggitata
7,1,LSHN1,LSHN,Acetosa_saggitata
7,1,LSHN1,LSHN,Acetosa_saggitata
7,1,LSHN1,LSHN,Acetosa_saggitata
7,1,LSHN1,LSHN,Acetosa_saggitata
7,1,LSHN1,LSHN,Acetosa_saggitata
7,1,LSHN1,LSHN,Acetosa_saggitata
7,1,LSHN1,LSHN,Acetosa_saggitata
7,1,LSHN1,LSHN,Acetosa_saggitata
7,1,LSHN1,LSHN,Acetosa_saggitata
7,1,LSHN1,LSHN,Acetosa_saggitata
7,1,LSHN1,LSHN,Acetosa_saggitata
7,1,LSHN1,LSHN,Acetosa_saggitata
7,1,LSHN1,LSHN,Acetosa_saggitata
7,1,LSHN1,LSHN,Acetosa_saggitata
7,1,LSHN1,LSHN,Acetosa_saggitata
1,2,LSHN2,LSHN,Acetosa_saggitata
6,2,LSHN2,LSHN,Acetosa_saggitata
7,1,LSHN2,LSHN,Acetosa_saggitata
7,1,LSHN2,LSHN,Acetosa_saggitata
7,1,LSHN2,LSHN,Acetosa_saggitata
7,1,LSHN2,LSHN,Acetosa_saggitata
7,1,LSHN2,LSHN,Acetosa_saggitata
7,1,LSHN2,LSHN,Acetosa_saggitata
7,1,LSHN2,LSHN,Acetosa_saggitata
7,1,LSHN2,LSHN,Acetosa_saggitata
7,1,LSHN2,LSHN,Acetosa_saggitata
7,1,LSHN2,LSHN,Acetosa_saggitata
7,1,LSHN2,LSHN,Acetosa_saggitata
7,1,LSHN2,LSHN,Acetosa_saggitata
7,1,LSHN2,LSHN,Acetosa_saggitata
5,2,LSHN3,LSHN,Acetosa_saggitata
5,2,LSHN3,LSHN,Acetosa_saggitata
6,2,LSHN3,LSHN,Acetosa_saggitata
7,1,LSHN3,LSHN,Acetosa_saggitata
7,1,LSHN3,LSHN,Acetosa_saggitata
7,1,LSHN3,LSHN,Acetosa_saggitata
7,1,LSHN3,LSHN,Acetosa_saggitata
7,1,LSHN3,LSHN,Acetosa_saggitata
7,1,LSHN3,LSHN,Acetosa_saggitata
7,1,LSHN3,LSHN,Acetosa_saggitata
7,1,LSHN3,LSHN,Acetosa_saggitata
7,1,LSHN3,LSHN,Acetosa_saggitata
7,1,LSHN3,LSHN,Acetosa_saggitata
7,1,LSHN3,LSHN,Acetosa_saggitata
7,1,LSHN3,LSHN,Acetosa_saggitata
7,1,LSHN3,LSHN,Acetosa_saggitata
7,1,LSHN3,LSHN,Acetosa_saggitata
2,2,LSHN4,LSHN,Acetosa_saggitata
6,2,LSHN4,LSHN,Acetosa_saggitata
6,2,LSHN4,LSHN,Acetosa_saggitata
7,1,LSHN4,LSHN,Acetosa_saggitata
7,1,LSHN4,LSHN,Acetosa_saggitata
7,1,LSHN4,LSHN,Acetosa_saggitata
7,1,LSHN4,LSHN,Acetosa_saggitata
7,1,LSHN4,LSHN,Acetosa_saggitata
7,1,LSHN4,LSHN,Acetosa_saggitata
7,1,LSHN4,LSHN,Acetosa_saggitata
7,1,LSHN4,LSHN,Acetosa_saggitata
7,1,LSHN4,LSHN,Acetosa_saggitata
7,1,LSHN4,LSHN,Acetosa_saggitata
7,1,LSHN4,LSHN,Acetosa_saggitata
7,1,LSHN4,LSHN,Acetosa_saggitata
7,1,LSHN4,LSHN,Acetosa_saggitata
1,2,LSHN5,LSHN,Acetosa_saggitata
1,2,LSHN5,LSHN,Acetosa_saggitata
1,2,LSHN5,LSHN,Acetosa_saggitata
2,2,LSHN5,LSHN,Acetosa_saggitata
7,1,LSHN5,LSHN,Acetosa_saggitata
7,1,LSHN5,LSHN,Acetosa_saggitata
7,1,LSHN5,LSHN,Acetosa_saggitata
7,1,LSHN5,LSHN,Acetosa_saggitata
7,1,LSHN5,LSHN,Acetosa_saggitata
7,1,LSHN5,LSHN,Acetosa_saggitata
7,1,LSHN5,LSHN,Acetosa_saggitata
7,1,LSHN5,LSHN,Acetosa_saggitata
7,1,LSHN5,LSHN,Acetosa_saggitata
7,1,LSHN5,LSHN,Acetosa_saggitata
7,1,LSHN5,LSHN,Acetosa_saggitata
2,2,LSHN6,LSHN,Acetosa_saggitata
2,2,LSHN6,LSHN,Acetosa_saggitata
6,2,LSHN6,LSHN,Acetosa_saggitata
7,1,LSHN6,LSHN,Acetosa_saggitata
7,1,LSHN6,LSHN,Acetosa_saggitata
7,1,LSHN6,LSHN,Acetosa_saggitata
7,1,LSHN6,LSHN,Acetosa_saggitata
7,1,LSHN6,LSHN,Acetosa_saggitata
7,1,LSHN6,LSHN,Acetosa_saggitata
7,1,LSHN6,LSHN,Acetosa_saggitata
7,1,LSHN6,LSHN,Acetosa_saggitata
7,1,LSHN6,LSHN,Acetosa_saggitata
7,1,LSHN6,LSHN,Acetosa_saggitata
7,1,LSHN6,LSHN,Acetosa_saggitata
7,1,LSHN6,LSHN,Acetosa_saggitata
7,1,LSHN6,LSHN,Acetosa_saggitata
7,1,LSHN6,LSHN,Acetosa_saggitata
7,1,LSHN6,LSHN,Acetosa_saggitata
7,1,LSHN6,LSHN,Acetosa_saggitata
7,1,LSHN6,LSHN,Acetosa_saggitata
2,2,LSHN7,LSHN,Acetosa_saggitata
7,1,LSHN7,LSHN,Acetosa_saggitata
7,1,LSHN7,LSHN,Acetosa_saggitata
7,1,LSHN7,LSHN,Acetosa_saggitata
7,1,LSHN7,LSHN,Acetosa_saggitata
7,1,LSHN7,LSHN,Acetosa_saggitata
7,1,LSHN7,LSHN,Acetosa_saggitata
7,1,LSHN7,LSHN,Acetosa_saggitata
7,1,LSHN7,LSHN,Acetosa_saggitata
7,1,LSHN7,LSHN,Acetosa_saggitata
7,1,LSHN7,LSHN,Acetosa_saggitata
7,1,LSHN7,LSHN,Acetosa_saggitata
7,1,LSHN7,LSHN,Acetosa_saggitata
7,1,LSHN7,LSHN,Acetosa_saggitata
7,1,LSHN7,LSHN,Acetosa_saggitata
7,1,LSHN7,LSHN,Acetosa_saggitata
7,1,LSHN7,LSHN,Acetosa_saggitata
7,1,LSHN7,LSHN,Acetosa_saggitata
1,2,LSLN1,LSLN,Acetosa_saggitata
1,2,LSLN1,LSLN,Acetosa_saggitata
1,2,LSLN1,LSLN,Acetosa_saggitata
7,1,LSLN1,LSLN,Acetosa_saggitata
7,1,LSLN1,LSLN,Acetosa_saggitata
7,1,LSLN1,LSLN,Acetosa_saggitata
7,1,LSLN1,LSLN,Acetosa_saggitata
7,1,LSLN1,LSLN,Acetosa_saggitata
7,1,LSLN1,LSLN,Acetosa_saggitata
7,1,LSLN1,LSLN,Acetosa_saggitata
7,1,LSLN1,LSLN,Acetosa_saggitata
7,1,LSLN1,LSLN,Acetosa_saggitata
7,1,LSLN1,LSLN,Acetosa_saggitata
5,2,LSLN2,LSLN,Acetosa_saggitata
7,1,LSLN2,LSLN,Acetosa_saggitata
7,1,LSLN2,LSLN,Acetosa_saggitata
7,1,LSLN2,LSLN,Acetosa_saggitata
7,1,LSLN2,LSLN,Acetosa_saggitata
7,1,LSLN2,LSLN,Acetosa_saggitata
7,1,LSLN2,LSLN,Acetosa_saggitata
7,1,LSLN2,LSLN,Acetosa_saggitata
7,1,LSLN2,LSLN,Acetosa_saggitata
7,1,LSLN2,LSLN,Acetosa_saggitata
7,1,LSLN2,LSLN,Acetosa_saggitata
7,1,LSLN2,LSLN,Acetosa_saggitata
7,1,LSLN2,LSLN,Acetosa_saggitata
7,1,LSLN2,LSLN,Acetosa_saggitata
7,1,LSLN2,LSLN,Acetosa_saggitata
7,1,LSLN2,LSLN,Acetosa_saggitata
7,1,LSLN2,LSLN,Acetosa_saggitata
7,1,LSLN2,LSLN,Acetosa_saggitata
7,1,LSLN2,LSLN,Acetosa_saggitata
7,1,LSLN3,LSLN,Acetosa_saggitata
7,1,LSLN3,LSLN,Acetosa_saggitata
7,1,LSLN3,LSLN,Acetosa_saggitata
7,1,LSLN3,LSLN,Acetosa_saggitata
7,1,LSLN3,LSLN,Acetosa_saggitata
7,1,LSLN3,LSLN,Acetosa_saggitata
7,1,LSLN3,LSLN,Acetosa_saggitata
7,1,LSLN3,LSLN,Acetosa_saggitata
7,1,LSLN3,LSLN,Acetosa_saggitata
7,1,LSLN3,LSLN,Acetosa_saggitata
7,1,LSLN3,LSLN,Acetosa_saggitata
7,1,LSLN3,LSLN,Acetosa_saggitata
7,1,LSLN3,LSLN,Acetosa_saggitata
7,1,LSLN3,LSLN,Acetosa_saggitata
7,1,LSLN3,LSLN,Acetosa_saggitata
7,1,LSLN3,LSLN,Acetosa_saggitata
7,1,LSLN3,LSLN,Acetosa_saggitata
7,1,LSLN4,LSLN,Acetosa_saggitata
7,1,LSLN4,LSLN,Acetosa_saggitata
7,1,LSLN4,LSLN,Acetosa_saggitata
7,1,LSLN4,LSLN,Acetosa_saggitata
7,1,LSLN4,LSLN,Acetosa_saggitata
7,1,LSLN4,LSLN,Acetosa_saggitata
7,1,LSLN4,LSLN,Acetosa_saggitata
7,1,LSLN4,LSLN,Acetosa_saggitata
7,1,LSLN4,LSLN,Acetosa_saggitata
7,1,LSLN4,LSLN,Acetosa_saggitata
7,1,LSLN4,LSLN,Acetosa_saggitata
7,1,LSLN4,LSLN,Acetosa_saggitata
7,1,LSLN4,LSLN,Acetosa_saggitata
7,1,LSLN4,LSLN,Acetosa_saggitata
7,1,LSLN4,LSLN,Acetosa_saggitata
7,2,LSLN5,LSLN,Acetosa_saggitata
7,1,LSLN5,LSLN,Acetosa_saggitata
7,1,LSLN5,LSLN,Acetosa_saggitata
7,1,LSLN5,LSLN,Acetosa_saggitata
7,1,LSLN5,LSLN,Acetosa_saggitata
7,1,LSLN5,LSLN,Acetosa_saggitata
7,1,LSLN5,LSLN,Acetosa_saggitata
7,1,LSLN5,LSLN,Acetosa_saggitata
7,1,LSLN5,LSLN,Acetosa_saggitata
7,1,LSLN5,LSLN,Acetosa_saggitata
7,1,LSLN5,LSLN,Acetosa_saggitata
7,1,LSLN5,LSLN,Acetosa_saggitata
7,1,LSLN5,LSLN,Acetosa_saggitata
7,1,LSLN5,LSLN,Acetosa_saggitata
7,1,LSLN6,LSLN,Acetosa_saggitata
7,1,LSLN6,LSLN,Acetosa_saggitata
7,1,LSLN6,LSLN,Acetosa_saggitata
7,1,LSLN6,LSLN,Acetosa_saggitata
7,1,LSLN6,LSLN,Acetosa_saggitata
7,1,LSLN6,LSLN,Acetosa_saggitata
7,1,LSLN6,LSLN,Acetosa_saggitata
7,1,LSLN6,LSLN,Acetosa_saggitata
7,1,LSLN6,LSLN,Acetosa_saggitata
7,1,LSLN6,LSLN,Acetosa_saggitata
7,1,LSLN6,LSLN,Acetosa_saggitata
7,1,LSLN6,LSLN,Acetosa_saggitata
7,1,LSLN6,LSLN,Acetosa_saggitata
7,1,LSLN6,LSLN,Acetosa_saggitata
7,1,LSLN6,LSLN,Acetosa_saggitata
7,1,LSLN6,LSLN,Acetosa_saggitata
7,1,LSLN7,LSLN,Acetosa_saggitata
7,1,LSLN7,LSLN,Acetosa_saggitata
7,1,LSLN7,LSLN,Acetosa_saggitata
7,1,LSLN7,LSLN,Acetosa_saggitata
7,1,LSLN7,LSLN,Acetosa_saggitata
7,1,LSLN7,LSLN,Acetosa_saggitata
7,1,LSLN7,LSLN,Acetosa_saggitata
7,1,LSLN7,LSLN,Acetosa_saggitata
7,1,LSLN7,LSLN,Acetosa_saggitata
7,1,LSLN7,LSLN,Acetosa_saggitata
7,1,LSLN7,LSLN,Acetosa_saggitata
7,1,LSLN7,LSLN,Acetosa_saggitata
7,1,LSLN7,LSLN,Acetosa_saggitata
7,1,LSLN7,LSLN,Acetosa_saggitata
7,1,LSLN7,LSLN,Acetosa_saggitata
7,1,LSLN7,LSLN,Acetosa_saggitata
7,1,LSLN7,LSLN,Acetosa_saggitata
1,2,HSHN1,HSHN,Bidens_pilosa
1,2,HSHN1,HSHN,Bidens_pilosa
1,2,HSHN1,HSHN,Bidens_pilosa
1,2,HSHN1,HSHN,Bidens_pilosa
1,2,HSHN1,HSHN,Bidens_pilosa
1,2,HSHN1,HSHN,Bidens_pilosa
1,2,HSHN1,HSHN,Bidens_pilosa
1,2,HSHN1,HSHN,Bidens_pilosa
1,2,HSHN1,HSHN,Bidens_pilosa
1,2,HSHN1,HSHN,Bidens_pilosa
1,2,HSHN1,HSHN,Bidens_pilosa
1,2,HSHN1,HSHN,Bidens_pilosa
1,2,HSHN1,HSHN,Bidens_pilosa
1,2,HSHN1,HSHN,Bidens_pilosa
6,2,HSHN1,HSHN,Bidens_pilosa
1,2,HSHN2,HSHN,Bidens_pilosa
1,2,HSHN2,HSHN,Bidens_pilosa
1,2,HSHN2,HSHN,Bidens_pilosa
1,2,HSHN2,HSHN,Bidens_pilosa
1,2,HSHN2,HSHN,Bidens_pilosa
1,2,HSHN2,HSHN,Bidens_pilosa
1,2,HSHN2,HSHN,Bidens_pilosa
1,2,HSHN2,HSHN,Bidens_pilosa
1,2,HSHN2,HSHN,Bidens_pilosa
3,2,HSHN2,HSHN,Bidens_pilosa
4,2,HSHN2,HSHN,Bidens_pilosa
5,2,HSHN2,HSHN,Bidens_pilosa
5,2,HSHN2,HSHN,Bidens_pilosa
5,2,HSHN2,HSHN,Bidens_pilosa
5,2,HSHN2,HSHN,Bidens_pilosa
5,2,HSHN2,HSHN,Bidens_pilosa
1,2,HSHN3,HSHN,Bidens_pilosa
1,2,HSHN3,HSHN,Bidens_pilosa
1,2,HSHN3,HSHN,Bidens_pilosa
1,2,HSHN3,HSHN,Bidens_pilosa
1,2,HSHN3,HSHN,Bidens_pilosa
1,2,HSHN3,HSHN,Bidens_pilosa
1,2,HSHN3,HSHN,Bidens_pilosa
1,2,HSHN3,HSHN,Bidens_pilosa
1,2,HSHN3,HSHN,Bidens_pilosa
1,2,HSHN3,HSHN,Bidens_pilosa
2,2,HSHN3,HSHN,Bidens_pilosa
4,2,HSHN3,HSHN,Bidens_pilosa
5,2,HSHN3,HSHN,Bidens_pilosa
5,2,HSHN3,HSHN,Bidens_pilosa
6,2,HSHN3,HSHN,Bidens_pilosa
1,2,HSHN4,HSHN,Bidens_pilosa
1,2,HSHN4,HSHN,Bidens_pilosa
1,2,HSHN4,HSHN,Bidens_pilosa
1,2,HSHN4,HSHN,Bidens_pilosa
2,2,HSHN4,HSHN,Bidens_pilosa
2,2,HSHN4,HSHN,Bidens_pilosa
2,2,HSHN4,HSHN,Bidens_pilosa
2,2,HSHN4,HSHN,Bidens_pilosa
2,2,HSHN4,HSHN,Bidens_pilosa
3,2,HSHN4,HSHN,Bidens_pilosa
4,2,HSHN4,HSHN,Bidens_pilosa
4,2,HSHN4,HSHN,Bidens_pilosa
4,2,HSHN4,HSHN,Bidens_pilosa
5,2,HSHN4,HSHN,Bidens_pilosa
5,2,HSHN4,HSHN,Bidens_pilosa
1,2,HSHN5,HSHN,Bidens_pilosa
1,2,HSHN5,HSHN,Bidens_pilosa
2,2,HSHN5,HSHN,Bidens_pilosa
2,2,HSHN5,HSHN,Bidens_pilosa
4,2,HSHN5,HSHN,Bidens_pilosa
4,2,HSHN5,HSHN,Bidens_pilosa
4,2,HSHN5,HSHN,Bidens_pilosa
4,2,HSHN5,HSHN,Bidens_pilosa
4,2,HSHN5,HSHN,Bidens_pilosa
4,2,HSHN5,HSHN,Bidens_pilosa
4,2,HSHN5,HSHN,Bidens_pilosa
5,2,HSHN5,HSHN,Bidens_pilosa
7,1,HSHN5,HSHN,Bidens_pilosa
7,1,HSHN5,HSHN,Bidens_pilosa
7,1,HSHN5,HSHN,Bidens_pilosa
1,2,HSHN6,HSHN,Bidens_pilosa
1,2,HSHN6,HSHN,Bidens_pilosa
1,2,HSHN6,HSHN,Bidens_pilosa
1,2,HSHN6,HSHN,Bidens_pilosa
1,2,HSHN6,HSHN,Bidens_pilosa
1,2,HSHN6,HSHN,Bidens_pilosa
1,2,HSHN6,HSHN,Bidens_pilosa
1,2,HSHN6,HSHN,Bidens_pilosa
1,2,HSHN6,HSHN,Bidens_pilosa
1,2,HSHN6,HSHN,Bidens_pilosa
1,2,HSHN6,HSHN,Bidens_pilosa
1,2,HSHN6,HSHN,Bidens_pilosa
1,2,HSHN6,HSHN,Bidens_pilosa
1,2,HSHN6,HSHN,Bidens_pilosa
1,2,HSHN6,HSHN,Bidens_pilosa
1,2,HSHN7,HSHN,Bidens_pilosa
1,2,HSHN7,HSHN,Bidens_pilosa
1,2,HSHN7,HSHN,Bidens_pilosa
2,2,HSHN7,HSHN,Bidens_pilosa
4,2,HSHN7,HSHN,Bidens_pilosa
4,2,HSHN7,HSHN,Bidens_pilosa
4,2,HSHN7,HSHN,Bidens_pilosa
4,2,HSHN7,HSHN,Bidens_pilosa
4,2,HSHN7,HSHN,Bidens_pilosa
4,2,HSHN7,HSHN,Bidens_pilosa
4,2,HSHN7,HSHN,Bidens_pilosa
4,2,HSHN7,HSHN,Bidens_pilosa
5,2,HSHN7,HSHN,Bidens_pilosa
6,2,HSHN7,HSHN,Bidens_pilosa
6,2,HSHN7,HSHN,Bidens_pilosa
1,2,HSLN1,HSLN,Bidens_pilosa
1,2,HSLN1,HSLN,Bidens_pilosa
1,2,HSLN1,HSLN,Bidens_pilosa
1,2,HSLN1,HSLN,Bidens_pilosa
1,2,HSLN1,HSLN,Bidens_pilosa
1,2,HSLN1,HSLN,Bidens_pilosa
1,2,HSLN1,HSLN,Bidens_pilosa
1,2,HSLN1,HSLN,Bidens_pilosa
1,2,HSLN1,HSLN,Bidens_pilosa
1,2,HSLN1,HSLN,Bidens_pilosa
1,2,HSLN1,HSLN,Bidens_pilosa
1,2,HSLN1,HSLN,Bidens_pilosa
1,2,HSLN1,HSLN,Bidens_pilosa
1,2,HSLN1,HSLN,Bidens_pilosa
2,2,HSLN1,HSLN,Bidens_pilosa
1,2,HSLN2,HSLN,Bidens_pilosa
1,2,HSLN2,HSLN,Bidens_pilosa
1,2,HSLN2,HSLN,Bidens_pilosa
1,2,HSLN2,HSLN,Bidens_pilosa
1,2,HSLN2,HSLN,Bidens_pilosa
1,2,HSLN2,HSLN,Bidens_pilosa
1,2,HSLN2,HSLN,Bidens_pilosa
2,2,HSLN2,HSLN,Bidens_pilosa
2,2,HSLN2,HSLN,Bidens_pilosa
4,2,HSLN2,HSLN,Bidens_pilosa
4,2,HSLN2,HSLN,Bidens_pilosa
4,2,HSLN2,HSLN,Bidens_pilosa
4,2,HSLN2,HSLN,Bidens_pilosa
4,2,HSLN2,HSLN,Bidens_pilosa
5,2,HSLN2,HSLN,Bidens_pilosa
1,2,HSLN3,HSLN,Bidens_pilosa
1,2,HSLN3,HSLN,Bidens_pilosa
1,2,HSLN3,HSLN,Bidens_pilosa
2,2,HSLN3,HSLN,Bidens_pilosa
2,2,HSLN3,HSLN,Bidens_pilosa
2,2,HSLN3,HSLN,Bidens_pilosa
2,2,HSLN3,HSLN,Bidens_pilosa
2,2,HSLN3,HSLN,Bidens_pilosa
4,2,HSLN3,HSLN,Bidens_pilosa
4,2,HSLN3,HSLN,Bidens_pilosa
4,2,HSLN3,HSLN,Bidens_pilosa
4,2,HSLN3,HSLN,Bidens_pilosa
4,2,HSLN3,HSLN,Bidens_pilosa
4,2,HSLN3,HSLN,Bidens_pilosa
4,2,HSLN3,HSLN,Bidens_pilosa
1,2,HSLN4,HSLN,Bidens_pilosa
1,2,HSLN4,HSLN,Bidens_pilosa
1,2,HSLN4,HSLN,Bidens_pilosa
2,2,HSLN4,HSLN,Bidens_pilosa
2,2,HSLN4,HSLN,Bidens_pilosa
2,2,HSLN4,HSLN,Bidens_pilosa
2,2,HSLN4,HSLN,Bidens_pilosa
2,2,HSLN4,HSLN,Bidens_pilosa
2,2,HSLN4,HSLN,Bidens_pilosa
3,2,HSLN4,HSLN,Bidens_pilosa
3,2,HSLN4,HSLN,Bidens_pilosa
3,2,HSLN4,HSLN,Bidens_pilosa
4,2,HSLN4,HSLN,Bidens_pilosa
4,2,HSLN4,HSLN,Bidens_pilosa
6,2,HSLN4,HSLN,Bidens_pilosa
1,2,HSLN5,HSLN,Bidens_pilosa
1,2,HSLN5,HSLN,Bidens_pilosa
1,2,HSLN5,HSLN,Bidens_pilosa
1,2,HSLN5,HSLN,Bidens_pilosa
1,2,HSLN5,HSLN,Bidens_pilosa
1,2,HSLN5,HSLN,Bidens_pilosa
1,2,HSLN5,HSLN,Bidens_pilosa
1,2,HSLN5,HSLN,Bidens_pilosa
1,2,HSLN5,HSLN,Bidens_pilosa
1,2,HSLN5,HSLN,Bidens_pilosa
1,2,HSLN5,HSLN,Bidens_pilosa
4,2,HSLN5,HSLN,Bidens_pilosa
4,2,HSLN5,HSLN,Bidens_pilosa
5,2,HSLN5,HSLN,Bidens_pilosa
5,2,HSLN5,HSLN,Bidens_pilosa
1,2,HSLN6,HSLN,Bidens_pilosa
1,2,HSLN6,HSLN,Bidens_pilosa
1,2,HSLN6,HSLN,Bidens_pilosa
1,2,HSLN6,HSLN,Bidens_pilosa
1,2,HSLN6,HSLN,Bidens_pilosa
1,2,HSLN6,HSLN,Bidens_pilosa
1,2,HSLN6,HSLN,Bidens_pilosa
1,2,HSLN6,HSLN,Bidens_pilosa
1,2,HSLN6,HSLN,Bidens_pilosa
1,2,HSLN6,HSLN,Bidens_pilosa
1,2,HSLN6,HSLN,Bidens_pilosa
1,2,HSLN6,HSLN,Bidens_pilosa
1,2,HSLN6,HSLN,Bidens_pilosa
4,2,HSLN6,HSLN,Bidens_pilosa
7,1,HSLN6,HSLN,Bidens_pilosa
1,2,HSLN7,HSLN,Bidens_pilosa
1,2,HSLN7,HSLN,Bidens_pilosa
1,2,HSLN7,HSLN,Bidens_pilosa
1,2,HSLN7,HSLN,Bidens_pilosa
1,2,HSLN7,HSLN,Bidens_pilosa
1,2,HSLN7,HSLN,Bidens_pilosa
1,2,HSLN7,HSLN,Bidens_pilosa
1,2,HSLN7,HSLN,Bidens_pilosa
1,2,HSLN7,HSLN,Bidens_pilosa
1,2,HSLN7,HSLN,Bidens_pilosa
1,2,HSLN7,HSLN,Bidens_pilosa
1,2,HSLN7,HSLN,Bidens_pilosa
1,2,HSLN7,HSLN,Bidens_pilosa
1,2,HSLN7,HSLN,Bidens_pilosa
1,2,HSLN7,HSLN,Bidens_pilosa
1,2,LSHN1,LSHN,Bidens_pilosa
1,2,LSHN1,LSHN,Bidens_pilosa
1,2,LSHN1,LSHN,Bidens_pilosa
1,2,LSHN1,LSHN,Bidens_pilosa
1,2,LSHN1,LSHN,Bidens_pilosa
1,2,LSHN1,LSHN,Bidens_pilosa
1,2,LSHN1,LSHN,Bidens_pilosa
1,2,LSHN1,LSHN,Bidens_pilosa
1,2,LSHN1,LSHN,Bidens_pilosa
2,2,LSHN1,LSHN,Bidens_pilosa
6,2,LSHN1,LSHN,Bidens_pilosa
7,1,LSHN1,LSHN,Bidens_pilosa
1,2,LSHN2,LSHN,Bidens_pilosa
1,2,LSHN2,LSHN,Bidens_pilosa
1,2,LSHN2,LSHN,Bidens_pilosa
1,2,LSHN2,LSHN,Bidens_pilosa
6,2,LSHN2,LSHN,Bidens_pilosa
7,1,LSHN2,LSHN,Bidens_pilosa
7,1,LSHN2,LSHN,Bidens_pilosa
7,1,LSHN2,LSHN,Bidens_pilosa
7,1,LSHN2,LSHN,Bidens_pilosa
7,1,LSHN2,LSHN,Bidens_pilosa
7,1,LSHN2,LSHN,Bidens_pilosa
7,1,LSHN2,LSHN,Bidens_pilosa
7,1,LSHN2,LSHN,Bidens_pilosa
7,1,LSHN2,LSHN,Bidens_pilosa
7,1,LSHN2,LSHN,Bidens_pilosa
1,2,LSHN3,LSHN,Bidens_pilosa
7,1,LSHN3,LSHN,Bidens_pilosa
7,1,LSHN3,LSHN,Bidens_pilosa
7,1,LSHN3,LSHN,Bidens_pilosa
7,1,LSHN3,LSHN,Bidens_pilosa
7,1,LSHN3,LSHN,Bidens_pilosa
7,1,LSHN3,LSHN,Bidens_pilosa
7,1,LSHN3,LSHN,Bidens_pilosa
7,1,LSHN3,LSHN,Bidens_pilosa
7,1,LSHN3,LSHN,Bidens_pilosa
7,1,LSHN3,LSHN,Bidens_pilosa
7,1,LSHN3,LSHN,Bidens_pilosa
7,1,LSHN3,LSHN,Bidens_pilosa
7,1,LSHN3,LSHN,Bidens_pilosa
2,2,LSHN4,LSHN,Bidens_pilosa
4,2,LSHN4,LSHN,Bidens_pilosa
4,2,LSHN4,LSHN,Bidens_pilosa
5,2,LSHN4,LSHN,Bidens_pilosa
7,1,LSHN4,LSHN,Bidens_pilosa
7,1,LSHN4,LSHN,Bidens_pilosa
7,1,LSHN4,LSHN,Bidens_pilosa
7,1,LSHN4,LSHN,Bidens_pilosa
7,1,LSHN4,LSHN,Bidens_pilosa
7,1,LSHN4,LSHN,Bidens_pilosa
7,1,LSHN4,LSHN,Bidens_pilosa
7,1,LSHN4,LSHN,Bidens_pilosa
7,1,LSHN4,LSHN,Bidens_pilosa
7,1,LSHN4,LSHN,Bidens_pilosa
7,1,LSHN4,LSHN,Bidens_pilosa
7,1,LSHN4,LSHN,Bidens_pilosa
1,2,LSHN5,LSHN,Bidens_pilosa
1,2,LSHN5,LSHN,Bidens_pilosa
7,1,LSHN5,LSHN,Bidens_pilosa
7,1,LSHN5,LSHN,Bidens_pilosa
7,1,LSHN5,LSHN,Bidens_pilosa
7,1,LSHN5,LSHN,Bidens_pilosa
7,1,LSHN5,LSHN,Bidens_pilosa
7,1,LSHN5,LSHN,Bidens_pilosa
7,1,LSHN5,LSHN,Bidens_pilosa
7,1,LSHN5,LSHN,Bidens_pilosa
7,1,LSHN5,LSHN,Bidens_pilosa
7,1,LSHN5,LSHN,Bidens_pilosa
7,1,LSHN5,LSHN,Bidens_pilosa
7,1,LSHN5,LSHN,Bidens_pilosa
7,1,LSHN5,LSHN,Bidens_pilosa
1,2,LSHN6,LSHN,Bidens_pilosa
2,2,LSHN6,LSHN,Bidens_pilosa
6,2,LSHN6,LSHN,Bidens_pilosa
6,2,LSHN6,LSHN,Bidens_pilosa
7,1,LSHN6,LSHN,Bidens_pilosa
7,1,LSHN6,LSHN,Bidens_pilosa
7,1,LSHN6,LSHN,Bidens_pilosa
7,1,LSHN6,LSHN,Bidens_pilosa
7,1,LSHN6,LSHN,Bidens_pilosa
7,1,LSHN6,LSHN,Bidens_pilosa
7,1,LSHN6,LSHN,Bidens_pilosa
7,1,LSHN6,LSHN,Bidens_pilosa
7,1,LSHN6,LSHN,Bidens_pilosa
7,1,LSHN6,LSHN,Bidens_pilosa
7,1,LSHN6,LSHN,Bidens_pilosa
7,1,LSHN6,LSHN,Bidens_pilosa
1,2,LSHN7,LSHN,Bidens_pilosa
1,2,LSHN7,LSHN,Bidens_pilosa
1,2,LSHN7,LSHN,Bidens_pilosa
1,2,LSHN7,LSHN,Bidens_pilosa
1,2,LSHN7,LSHN,Bidens_pilosa
2,2,LSHN7,LSHN,Bidens_pilosa
4,2,LSHN7,LSHN,Bidens_pilosa
4,2,LSHN7,LSHN,Bidens_pilosa
7,1,LSHN7,LSHN,Bidens_pilosa
7,1,LSHN7,LSHN,Bidens_pilosa
7,1,LSHN7,LSHN,Bidens_pilosa
7,1,LSHN7,LSHN,Bidens_pilosa
7,1,LSHN7,LSHN,Bidens_pilosa
7,1,LSHN7,LSHN,Bidens_pilosa
1,2,LSLN1,LSLN,Bidens_pilosa
1,2,LSLN1,LSLN,Bidens_pilosa
2,2,LSLN1,LSLN,Bidens_pilosa
7,1,LSLN1,LSLN,Bidens_pilosa
7,1,LSLN1,LSLN,Bidens_pilosa
7,1,LSLN1,LSLN,Bidens_pilosa
7,1,LSLN1,LSLN,Bidens_pilosa
7,1,LSLN1,LSLN,Bidens_pilosa
7,1,LSLN1,LSLN,Bidens_pilosa
7,1,LSLN1,LSLN,Bidens_pilosa
7,1,LSLN1,LSLN,Bidens_pilosa
7,1,LSLN1,LSLN,Bidens_pilosa
7,1,LSLN1,LSLN,Bidens_pilosa
7,1,LSLN1,LSLN,Bidens_pilosa
1,2,LSLN2,LSLN,Bidens_pilosa
1,2,LSLN2,LSLN,Bidens_pilosa
1,2,LSLN2,LSLN,Bidens_pilosa
1,2,LSLN2,LSLN,Bidens_pilosa
1,2,LSLN2,LSLN,Bidens_pilosa
1,2,LSLN2,LSLN,Bidens_pilosa
1,2,LSLN2,LSLN,Bidens_pilosa
1,2,LSLN2,LSLN,Bidens_pilosa
1,2,LSLN2,LSLN,Bidens_pilosa
1,2,LSLN2,LSLN,Bidens_pilosa
1,2,LSLN2,LSLN,Bidens_pilosa
7,1,LSLN2,LSLN,Bidens_pilosa
7,1,LSLN2,LSLN,Bidens_pilosa
1,2,LSLN3,LSLN,Bidens_pilosa
7,1,LSLN3,LSLN,Bidens_pilosa
7,1,LSLN3,LSLN,Bidens_pilosa
7,1,LSLN3,LSLN,Bidens_pilosa
7,1,LSLN3,LSLN,Bidens_pilosa
7,1,LSLN3,LSLN,Bidens_pilosa
7,1,LSLN3,LSLN,Bidens_pilosa
7,1,LSLN3,LSLN,Bidens_pilosa
7,1,LSLN3,LSLN,Bidens_pilosa
7,1,LSLN3,LSLN,Bidens_pilosa
7,1,LSLN3,LSLN,Bidens_pilosa
7,1,LSLN3,LSLN,Bidens_pilosa
7,1,LSLN3,LSLN,Bidens_pilosa
1,2,LSLN4,LSLN,Bidens_pilosa
7,1,LSLN4,LSLN,Bidens_pilosa
7,1,LSLN4,LSLN,Bidens_pilosa
7,1,LSLN4,LSLN,Bidens_pilosa
7,1,LSLN4,LSLN,Bidens_pilosa
7,1,LSLN4,LSLN,Bidens_pilosa
7,1,LSLN4,LSLN,Bidens_pilosa
7,1,LSLN4,LSLN,Bidens_pilosa
7,1,LSLN4,LSLN,Bidens_pilosa
7,1,LSLN4,LSLN,Bidens_pilosa
7,1,LSLN4,LSLN,Bidens_pilosa
7,1,LSLN4,LSLN,Bidens_pilosa
7,1,LSLN4,LSLN,Bidens_pilosa
7,1,LSLN4,LSLN,Bidens_pilosa
7,1,LSLN4,LSLN,Bidens_pilosa
1,2,LSLN5,LSLN,Bidens_pilosa
1,2,LSLN5,LSLN,Bidens_pilosa
7,1,LSLN5,LSLN,Bidens_pilosa
7,1,LSLN5,LSLN,Bidens_pilosa
7,1,LSLN5,LSLN,Bidens_pilosa
7,1,LSLN5,LSLN,Bidens_pilosa
7,1,LSLN5,LSLN,Bidens_pilosa
7,1,LSLN5,LSLN,Bidens_pilosa
7,1,LSLN5,LSLN,Bidens_pilosa
7,1,LSLN5,LSLN,Bidens_pilosa
7,1,LSLN5,LSLN,Bidens_pilosa
7,1,LSLN5,LSLN,Bidens_pilosa
7,1,LSLN5,LSLN,Bidens_pilosa
7,1,LSLN5,LSLN,Bidens_pilosa
1,2,LSLN6,LSLN,Bidens_pilosa
6,2,LSLN6,LSLN,Bidens_pilosa
7,1,LSLN6,LSLN,Bidens_pilosa
7,1,LSLN6,LSLN,Bidens_pilosa
7,1,LSLN6,LSLN,Bidens_pilosa
7,1,LSLN6,LSLN,Bidens_pilosa
7,1,LSLN6,LSLN,Bidens_pilosa
7,1,LSLN6,LSLN,Bidens_pilosa
7,1,LSLN6,LSLN,Bidens_pilosa
7,1,LSLN6,LSLN,Bidens_pilosa
7,1,LSLN6,LSLN,Bidens_pilosa
7,1,LSLN6,LSLN,Bidens_pilosa
7,1,LSLN6,LSLN,Bidens_pilosa
7,1,LSLN6,LSLN,Bidens_pilosa
7,1,LSLN6,LSLN,Bidens_pilosa
1,2,LSLN7,LSLN,Bidens_pilosa
1,2,LSLN7,LSLN,Bidens_pilosa
1,2,LSLN7,LSLN,Bidens_pilosa
4,2,LSLN7,LSLN,Bidens_pilosa
7,1,LSLN7,LSLN,Bidens_pilosa
7,1,LSLN7,LSLN,Bidens_pilosa
7,1,LSLN7,LSLN,Bidens_pilosa
7,1,LSLN7,LSLN,Bidens_pilosa
7,1,LSLN7,LSLN,Bidens_pilosa
7,1,LSLN7,LSLN,Bidens_pilosa
7,1,LSLN7,LSLN,Bidens_pilosa
7,1,LSLN7,LSLN,Bidens_pilosa
1,2,HSHN1,HSHN,Conyza_parva
1,2,HSHN1,HSHN,Conyza_parva
1,2,HSHN1,HSHN,Conyza_parva
1,2,HSHN1,HSHN,Conyza_parva
1,2,HSHN1,HSHN,Conyza_parva
1,2,HSHN1,HSHN,Conyza_parva
1,2,HSHN1,HSHN,Conyza_parva
1,2,HSHN1,HSHN,Conyza_parva
1,2,HSHN1,HSHN,Conyza_parva
1,2,HSHN1,HSHN,Conyza_parva
1,2,HSHN1,HSHN,Conyza_parva
1,2,HSHN1,HSHN,Conyza_parva
1,2,HSHN1,HSHN,Conyza_parva
1,2,HSHN1,HSHN,Conyza_parva
1,2,HSHN1,HSHN,Conyza_parva
1,2,HSHN2,HSHN,Conyza_parva
1,2,HSHN2,HSHN,Conyza_parva
1,2,HSHN2,HSHN,Conyza_parva
1,2,HSHN2,HSHN,Conyza_parva
1,2,HSHN2,HSHN,Conyza_parva
1,2,HSHN2,HSHN,Conyza_parva
1,2,HSHN2,HSHN,Conyza_parva
1,2,HSHN2,HSHN,Conyza_parva
1,2,HSHN2,HSHN,Conyza_parva
1,2,HSHN2,HSHN,Conyza_parva
1,2,HSHN2,HSHN,Conyza_parva
1,2,HSHN2,HSHN,Conyza_parva
1,2,HSHN2,HSHN,Conyza_parva
2,2,HSHN2,HSHN,Conyza_parva
4,2,HSHN2,HSHN,Conyza_parva
4,2,HSHN2,HSHN,Conyza_parva
1,2,HSHN3,HSHN,Conyza_parva
1,2,HSHN3,HSHN,Conyza_parva
1,2,HSHN3,HSHN,Conyza_parva
1,2,HSHN3,HSHN,Conyza_parva
1,2,HSHN3,HSHN,Conyza_parva
1,2,HSHN3,HSHN,Conyza_parva
1,2,HSHN3,HSHN,Conyza_parva
1,2,HSHN3,HSHN,Conyza_parva
1,2,HSHN3,HSHN,Conyza_parva
4,2,HSHN3,HSHN,Conyza_parva
4,2,HSHN3,HSHN,Conyza_parva
4,2,HSHN3,HSHN,Conyza_parva
4,2,HSHN3,HSHN,Conyza_parva
4,2,HSHN3,HSHN,Conyza_parva
5,2,HSHN3,HSHN,Conyza_parva
1,2,HSHN4,HSHN,Conyza_parva
1,2,HSHN4,HSHN,Conyza_parva
1,2,HSHN4,HSHN,Conyza_parva
1,2,HSHN4,HSHN,Conyza_parva
1,2,HSHN4,HSHN,Conyza_parva
1,2,HSHN4,HSHN,Conyza_parva
1,2,HSHN4,HSHN,Conyza_parva
1,2,HSHN4,HSHN,Conyza_parva
1,2,HSHN4,HSHN,Conyza_parva
2,2,HSHN4,HSHN,Conyza_parva
2,2,HSHN4,HSHN,Conyza_parva
2,2,HSHN4,HSHN,Conyza_parva
4,2,HSHN4,HSHN,Conyza_parva
5,2,HSHN4,HSHN,Conyza_parva
5,2,HSHN4,HSHN,Conyza_parva
5,2,HSHN4,HSHN,Conyza_parva
1,2,HSHN5,HSHN,Conyza_parva
1,2,HSHN5,HSHN,Conyza_parva
1,2,HSHN5,HSHN,Conyza_parva
1,2,HSHN5,HSHN,Conyza_parva
1,2,HSHN5,HSHN,Conyza_parva
1,2,HSHN5,HSHN,Conyza_parva
1,2,HSHN5,HSHN,Conyza_parva
2,2,HSHN5,HSHN,Conyza_parva
4,2,HSHN5,HSHN,Conyza_parva
4,2,HSHN5,HSHN,Conyza_parva
4,2,HSHN5,HSHN,Conyza_parva
4,2,HSHN5,HSHN,Conyza_parva
4,2,HSHN5,HSHN,Conyza_parva
5,2,HSHN5,HSHN,Conyza_parva
6,2,HSHN5,HSHN,Conyza_parva
1,2,HSHN6,HSHN,Conyza_parva
1,2,HSHN6,HSHN,Conyza_parva
1,2,HSHN6,HSHN,Conyza_parva
1,2,HSHN6,HSHN,Conyza_parva
1,2,HSHN6,HSHN,Conyza_parva
1,2,HSHN6,HSHN,Conyza_parva
1,2,HSHN6,HSHN,Conyza_parva
1,2,HSHN6,HSHN,Conyza_parva
1,2,HSHN6,HSHN,Conyza_parva
1,2,HSHN6,HSHN,Conyza_parva
1,2,HSHN6,HSHN,Conyza_parva
1,2,HSHN6,HSHN,Conyza_parva
1,2,HSHN6,HSHN,Conyza_parva
1,2,HSHN6,HSHN,Conyza_parva
1,2,HSHN6,HSHN,Conyza_parva
1,2,HSHN7,HSHN,Conyza_parva
1,2,HSHN7,HSHN,Conyza_parva
1,2,HSHN7,HSHN,Conyza_parva
1,2,HSHN7,HSHN,Conyza_parva
1,2,HSHN7,HSHN,Conyza_parva
1,2,HSHN7,HSHN,Conyza_parva
1,2,HSHN7,HSHN,Conyza_parva
1,2,HSHN7,HSHN,Conyza_parva
1,2,HSHN7,HSHN,Conyza_parva
1,2,HSHN7,HSHN,Conyza_parva
1,2,HSHN7,HSHN,Conyza_parva
4,2,HSHN7,HSHN,Conyza_parva
4,2,HSHN7,HSHN,Conyza_parva
4,2,HSHN7,HSHN,Conyza_parva
6,2,HSHN7,HSHN,Conyza_parva
1,2,HSLN1,HSLN,Conyza_parva
1,2,HSLN1,HSLN,Conyza_parva
1,2,HSLN1,HSLN,Conyza_parva
1,2,HSLN1,HSLN,Conyza_parva
1,2,HSLN1,HSLN,Conyza_parva
1,2,HSLN1,HSLN,Conyza_parva
1,2,HSLN1,HSLN,Conyza_parva
1,2,HSLN1,HSLN,Conyza_parva
1,2,HSLN1,HSLN,Conyza_parva
1,2,HSLN1,HSLN,Conyza_parva
1,2,HSLN1,HSLN,Conyza_parva
1,2,HSLN1,HSLN,Conyza_parva
4,2,HSLN1,HSLN,Conyza_parva
4,2,HSLN1,HSLN,Conyza_parva
5,2,HSLN1,HSLN,Conyza_parva
1,2,HSLN2,HSLN,Conyza_parva
1,2,HSLN2,HSLN,Conyza_parva
1,2,HSLN2,HSLN,Conyza_parva
1,2,HSLN2,HSLN,Conyza_parva
1,2,HSLN2,HSLN,Conyza_parva
1,2,HSLN2,HSLN,Conyza_parva
1,2,HSLN2,HSLN,Conyza_parva
1,2,HSLN2,HSLN,Conyza_parva
4,2,HSLN2,HSLN,Conyza_parva
4,2,HSLN2,HSLN,Conyza_parva
4,2,HSLN2,HSLN,Conyza_parva
4,2,HSLN2,HSLN,Conyza_parva
4,2,HSLN2,HSLN,Conyza_parva
5,2,HSLN2,HSLN,Conyza_parva
7,1,HSLN2,HSLN,Conyza_parva
1,2,HSLN3,HSLN,Conyza_parva
1,2,HSLN3,HSLN,Conyza_parva
1,2,HSLN3,HSLN,Conyza_parva
1,2,HSLN3,HSLN,Conyza_parva
1,2,HSLN3,HSLN,Conyza_parva
1,2,HSLN3,HSLN,Conyza_parva
1,2,HSLN3,HSLN,Conyza_parva
1,2,HSLN3,HSLN,Conyza_parva
1,2,HSLN3,HSLN,Conyza_parva
1,2,HSLN3,HSLN,Conyza_parva
4,2,HSLN3,HSLN,Conyza_parva
4,2,HSLN3,HSLN,Conyza_parva
4,2,HSLN3,HSLN,Conyza_parva
4,2,HSLN3,HSLN,Conyza_parva
4,2,HSLN3,HSLN,Conyza_parva
1,2,HSLN4,HSLN,Conyza_parva
1,2,HSLN4,HSLN,Conyza_parva
1,2,HSLN4,HSLN,Conyza_parva
1,2,HSLN4,HSLN,Conyza_parva
1,2,HSLN4,HSLN,Conyza_parva
1,2,HSLN4,HSLN,Conyza_parva
2,2,HSLN4,HSLN,Conyza_parva
3,2,HSLN4,HSLN,Conyza_parva
4,2,HSLN4,HSLN,Conyza_parva
4,2,HSLN4,HSLN,Conyza_parva
4,2,HSLN4,HSLN,Conyza_parva
4,2,HSLN4,HSLN,Conyza_parva
4,2,HSLN4,HSLN,Conyza_parva
4,2,HSLN4,HSLN,Conyza_parva
6,2,HSLN4,HSLN,Conyza_parva
1,2,HSLN5,HSLN,Conyza_parva
1,2,HSLN5,HSLN,Conyza_parva
1,2,HSLN5,HSLN,Conyza_parva
1,2,HSLN5,HSLN,Conyza_parva
1,2,HSLN5,HSLN,Conyza_parva
1,2,HSLN5,HSLN,Conyza_parva
1,2,HSLN5,HSLN,Conyza_parva
1,2,HSLN5,HSLN,Conyza_parva
1,2,HSLN5,HSLN,Conyza_parva
2,2,HSLN5,HSLN,Conyza_parva
2,2,HSLN5,HSLN,Conyza_parva
2,2,HSLN5,HSLN,Conyza_parva
4,2,HSLN5,HSLN,Conyza_parva
4,2,HSLN5,HSLN,Conyza_parva
5,2,HSLN5,HSLN,Conyza_parva
1,2,HSLN6,HSLN,Conyza_parva
1,2,HSLN6,HSLN,Conyza_parva
1,2,HSLN6,HSLN,Conyza_parva
1,2,HSLN6,HSLN,Conyza_parva
1,2,HSLN6,HSLN,Conyza_parva
1,2,HSLN6,HSLN,Conyza_parva
1,2,HSLN6,HSLN,Conyza_parva
1,2,HSLN6,HSLN,Conyza_parva
1,2,HSLN6,HSLN,Conyza_parva
1,2,HSLN6,HSLN,Conyza_parva
1,2,HSLN6,HSLN,Conyza_parva
1,2,HSLN6,HSLN,Conyza_parva
1,2,HSLN6,HSLN,Conyza_parva
1,2,HSLN6,HSLN,Conyza_parva
4,2,HSLN6,HSLN,Conyza_parva
1,2,HSLN7,HSLN,Conyza_parva
1,2,HSLN7,HSLN,Conyza_parva
1,2,HSLN7,HSLN,Conyza_parva
1,2,HSLN7,HSLN,Conyza_parva
1,2,HSLN7,HSLN,Conyza_parva
1,2,HSLN7,HSLN,Conyza_parva
1,2,HSLN7,HSLN,Conyza_parva
1,2,HSLN7,HSLN,Conyza_parva
1,2,HSLN7,HSLN,Conyza_parva
1,2,HSLN7,HSLN,Conyza_parva
1,2,HSLN7,HSLN,Conyza_parva
1,2,HSLN7,HSLN,Conyza_parva
1,2,HSLN7,HSLN,Conyza_parva
1,2,HSLN7,HSLN,Conyza_parva
1,2,HSLN7,HSLN,Conyza_parva
1,2,LSHN1,LSHN,Conyza_parva
1,2,LSHN1,LSHN,Conyza_parva
1,2,LSHN1,LSHN,Conyza_parva
1,2,LSHN1,LSHN,Conyza_parva
1,2,LSHN1,LSHN,Conyza_parva
1,2,LSHN1,LSHN,Conyza_parva
1,2,LSHN1,LSHN,Conyza_parva
1,2,LSHN1,LSHN,Conyza_parva
2,2,LSHN1,LSHN,Conyza_parva
2,2,LSHN1,LSHN,Conyza_parva
5,2,LSHN1,LSHN,Conyza_parva
5,2,LSHN1,LSHN,Conyza_parva
5,2,LSHN1,LSHN,Conyza_parva
1,2,LSHN2,LSHN,Conyza_parva
1,2,LSHN2,LSHN,Conyza_parva
1,2,LSHN2,LSHN,Conyza_parva
1,2,LSHN2,LSHN,Conyza_parva
1,2,LSHN2,LSHN,Conyza_parva
1,2,LSHN2,LSHN,Conyza_parva
6,2,LSHN2,LSHN,Conyza_parva
7,1,LSHN2,LSHN,Conyza_parva
7,1,LSHN2,LSHN,Conyza_parva
7,1,LSHN2,LSHN,Conyza_parva
7,1,LSHN2,LSHN,Conyza_parva
7,1,LSHN2,LSHN,Conyza_parva
7,1,LSHN2,LSHN,Conyza_parva
7,1,LSHN2,LSHN,Conyza_parva
7,1,LSHN2,LSHN,Conyza_parva
1,2,LSHN3,LSHN,Conyza_parva
1,2,LSHN3,LSHN,Conyza_parva
1,2,LSHN3,LSHN,Conyza_parva
7,1,LSHN3,LSHN,Conyza_parva
7,1,LSHN3,LSHN,Conyza_parva
7,1,LSHN3,LSHN,Conyza_parva
7,1,LSHN3,LSHN,Conyza_parva
7,1,LSHN3,LSHN,Conyza_parva
7,1,LSHN3,LSHN,Conyza_parva
7,1,LSHN3,LSHN,Conyza_parva
7,1,LSHN3,LSHN,Conyza_parva
7,1,LSHN3,LSHN,Conyza_parva
7,1,LSHN3,LSHN,Conyza_parva
7,1,LSHN3,LSHN,Conyza_parva
7,1,LSHN3,LSHN,Conyza_parva
1,2,LSHN4,LSHN,Conyza_parva
1,2,LSHN4,LSHN,Conyza_parva
1,2,LSHN4,LSHN,Conyza_parva
1,2,LSHN4,LSHN,Conyza_parva
1,2,LSHN4,LSHN,Conyza_parva
7,1,LSHN4,LSHN,Conyza_parva
7,1,LSHN4,LSHN,Conyza_parva
7,1,LSHN4,LSHN,Conyza_parva
7,1,LSHN4,LSHN,Conyza_parva
7,1,LSHN4,LSHN,Conyza_parva
7,1,LSHN4,LSHN,Conyza_parva
7,1,LSHN4,LSHN,Conyza_parva
7,1,LSHN4,LSHN,Conyza_parva
7,1,LSHN4,LSHN,Conyza_parva
7,1,LSHN4,LSHN,Conyza_parva
7,1,LSHN4,LSHN,Conyza_parva
1,2,LSHN5,LSHN,Conyza_parva
1,2,LSHN5,LSHN,Conyza_parva
1,2,LSHN5,LSHN,Conyza_parva
1,2,LSHN5,LSHN,Conyza_parva
1,2,LSHN5,LSHN,Conyza_parva
7,1,LSHN5,LSHN,Conyza_parva
7,1,LSHN5,LSHN,Conyza_parva
7,1,LSHN5,LSHN,Conyza_parva
7,1,LSHN5,LSHN,Conyza_parva
7,1,LSHN5,LSHN,Conyza_parva
7,1,LSHN5,LSHN,Conyza_parva
7,1,LSHN5,LSHN,Conyza_parva
7,1,LSHN5,LSHN,Conyza_parva
7,1,LSHN5,LSHN,Conyza_parva
7,1,LSHN5,LSHN,Conyza_parva
1,2,LSHN6,LSHN,Conyza_parva
1,2,LSHN6,LSHN,Conyza_parva
1,2,LSHN6,LSHN,Conyza_parva
1,2,LSHN6,LSHN,Conyza_parva
1,2,LSHN6,LSHN,Conyza_parva
1,2,LSHN6,LSHN,Conyza_parva
7,1,LSHN6,LSHN,Conyza_parva
7,1,LSHN6,LSHN,Conyza_parva
7,1,LSHN6,LSHN,Conyza_parva
7,1,LSHN6,LSHN,Conyza_parva
7,1,LSHN6,LSHN,Conyza_parva
7,1,LSHN6,LSHN,Conyza_parva
1,2,LSHN7,LSHN,Conyza_parva
1,2,LSHN7,LSHN,Conyza_parva
1,2,LSHN7,LSHN,Conyza_parva
1,2,LSHN7,LSHN,Conyza_parva
1,2,LSHN7,LSHN,Conyza_parva
4,2,LSHN7,LSHN,Conyza_parva
4,2,LSHN7,LSHN,Conyza_parva
5,2,LSHN7,LSHN,Conyza_parva
5,2,LSHN7,LSHN,Conyza_parva
7,1,LSHN7,LSHN,Conyza_parva
7,1,LSHN7,LSHN,Conyza_parva
7,1,LSHN7,LSHN,Conyza_parva
7,1,LSHN7,LSHN,Conyza_parva
7,1,LSLN1,LSLN,Conyza_parva
7,1,LSLN1,LSLN,Conyza_parva
7,1,LSLN1,LSLN,Conyza_parva
7,1,LSLN1,LSLN,Conyza_parva
7,1,LSLN1,LSLN,Conyza_parva
7,1,LSLN1,LSLN,Conyza_parva
7,1,LSLN1,LSLN,Conyza_parva
7,1,LSLN1,LSLN,Conyza_parva
7,1,LSLN1,LSLN,Conyza_parva
7,1,LSLN1,LSLN,Conyza_parva
7,1,LSLN1,LSLN,Conyza_parva
7,1,LSLN1,LSLN,Conyza_parva
7,1,LSLN1,LSLN,Conyza_parva
7,1,LSLN1,LSLN,Conyza_parva
7,1,LSLN1,LSLN,Conyza_parva
7,1,LSLN1,LSLN,Conyza_parva
7,1,LSLN1,LSLN,Conyza_parva
7,1,LSLN1,LSLN,Conyza_parva
7,1,LSLN1,LSLN,Conyza_parva
1,2,LSLN2,LSLN,Conyza_parva
1,2,LSLN2,LSLN,Conyza_parva
1,2,LSLN2,LSLN,Conyza_parva
1,2,LSLN2,LSLN,Conyza_parva
1,2,LSLN2,LSLN,Conyza_parva
1,2,LSLN2,LSLN,Conyza_parva
1,2,LSLN2,LSLN,Conyza_parva
1,2,LSLN2,LSLN,Conyza_parva
1,2,LSLN2,LSLN,Conyza_parva
7,1,LSLN2,LSLN,Conyza_parva
7,2,LSLN3,LSLN,Conyza_parva
7,1,LSLN3,LSLN,Conyza_parva
7,1,LSLN3,LSLN,Conyza_parva
7,1,LSLN3,LSLN,Conyza_parva
7,1,LSLN3,LSLN,Conyza_parva
7,1,LSLN3,LSLN,Conyza_parva
7,1,LSLN3,LSLN,Conyza_parva
7,1,LSLN3,LSLN,Conyza_parva
7,1,LSLN3,LSLN,Conyza_parva
7,1,LSLN3,LSLN,Conyza_parva
7,1,LSLN3,LSLN,Conyza_parva
7,1,LSLN3,LSLN,Conyza_parva
7,1,LSLN3,LSLN,Conyza_parva
7,1,LSLN3,LSLN,Conyza_parva
1,2,LSLN4,LSLN,Conyza_parva
7,1,LSLN4,LSLN,Conyza_parva
7,1,LSLN4,LSLN,Conyza_parva
7,1,LSLN4,LSLN,Conyza_parva
7,1,LSLN4,LSLN,Conyza_parva
7,1,LSLN4,LSLN,Conyza_parva
7,1,LSLN4,LSLN,Conyza_parva
7,1,LSLN4,LSLN,Conyza_parva
7,1,LSLN4,LSLN,Conyza_parva
7,1,LSLN4,LSLN,Conyza_parva
7,1,LSLN4,LSLN,Conyza_parva
7,1,LSLN4,LSLN,Conyza_parva
7,1,LSLN4,LSLN,Conyza_parva
7,1,LSLN4,LSLN,Conyza_parva
7,1,LSLN4,LSLN,Conyza_parva
6,2,LSLN5,LSLN,Conyza_parva
7,1,LSLN5,LSLN,Conyza_parva
7,1,LSLN5,LSLN,Conyza_parva
7,1,LSLN5,LSLN,Conyza_parva
7,1,LSLN5,LSLN,Conyza_parva
7,1,LSLN5,LSLN,Conyza_parva
7,1,LSLN5,LSLN,Conyza_parva
7,1,LSLN5,LSLN,Conyza_parva
7,1,LSLN5,LSLN,Conyza_parva
7,1,LSLN5,LSLN,Conyza_parva
7,1,LSLN5,LSLN,Conyza_parva
7,1,LSLN5,LSLN,Conyza_parva
7,1,LSLN5,LSLN,Conyza_parva
7,1,LSLN5,LSLN,Conyza_parva
7,1,LSLN5,LSLN,Conyza_parva
7,1,LSLN5,LSLN,Conyza_parva
7,1,LSLN5,LSLN,Conyza_parva
6,2,LSLN6,LSLN,Conyza_parva
7,1,LSLN6,LSLN,Conyza_parva
7,1,LSLN6,LSLN,Conyza_parva
7,1,LSLN6,LSLN,Conyza_parva
7,1,LSLN6,LSLN,Conyza_parva
7,1,LSLN6,LSLN,Conyza_parva
7,1,LSLN6,LSLN,Conyza_parva
7,1,LSLN6,LSLN,Conyza_parva
7,1,LSLN6,LSLN,Conyza_parva
7,1,LSLN6,LSLN,Conyza_parva
7,1,LSLN6,LSLN,Conyza_parva
7,1,LSLN6,LSLN,Conyza_parva
7,1,LSLN6,LSLN,Conyza_parva
7,1,LSLN6,LSLN,Conyza_parva
7,1,LSLN6,LSLN,Conyza_parva
7,1,LSLN6,LSLN,Conyza_parva
7,1,LSLN6,LSLN,Conyza_parva
7,1,LSLN7,LSLN,Conyza_parva
7,1,LSLN7,LSLN,Conyza_parva
7,1,LSLN7,LSLN,Conyza_parva
7,1,LSLN7,LSLN,Conyza_parva
7,1,LSLN7,LSLN,Conyza_parva
7,1,LSLN7,LSLN,Conyza_parva
7,1,LSLN7,LSLN,Conyza_parva
7,1,LSLN7,LSLN,Conyza_parva
7,1,LSLN7,LSLN,Conyza_parva
7,1,LSLN7,LSLN,Conyza_parva
7,1,LSLN7,LSLN,Conyza_parva
7,1,LSLN7,LSLN,Conyza_parva
7,1,LSLN7,LSLN,Conyza_parva
7,1,LSLN7,LSLN,Conyza_parva
7,1,LSLN7,LSLN,Conyza_parva
7,1,LSLN7,LSLN,Conyza_parva
7,1,LSLN7,LSLN,Conyza_parva
7,1,LSLN7,LSLN,Conyza_parva
1,2,HSHN1,HSHN,Protasparagus_aethiopica
1,2,HSHN1,HSHN,Protasparagus_aethiopica
1,2,HSHN1,HSHN,Protasparagus_aethiopica
1,2,HSHN1,HSHN,Protasparagus_aethiopica
1,2,HSHN1,HSHN,Protasparagus_aethiopica
1,2,HSHN1,HSHN,Protasparagus_aethiopica
6,2,HSHN1,HSHN,Protasparagus_aethiopica
6,2,HSHN1,HSHN,Protasparagus_aethiopica
6,2,HSHN1,HSHN,Protasparagus_aethiopica
7,2,HSHN1,HSHN,Protasparagus_aethiopica
7,1,HSHN1,HSHN,Protasparagus_aethiopica
7,1,HSHN1,HSHN,Protasparagus_aethiopica
7,1,HSHN1,HSHN,Protasparagus_aethiopica
7,1,HSHN1,HSHN,Protasparagus_aethiopica
7,1,HSHN1,HSHN,Protasparagus_aethiopica
1,2,HSHN2,HSHN,Protasparagus_aethiopica
5,2,HSHN2,HSHN,Protasparagus_aethiopica
6,2,HSHN2,HSHN,Protasparagus_aethiopica
7,1,HSHN2,HSHN,Protasparagus_aethiopica
7,1,HSHN2,HSHN,Protasparagus_aethiopica
7,1,HSHN2,HSHN,Protasparagus_aethiopica
7,1,HSHN2,HSHN,Protasparagus_aethiopica
7,1,HSHN2,HSHN,Protasparagus_aethiopica
7,1,HSHN2,HSHN,Protasparagus_aethiopica
7,1,HSHN2,HSHN,Protasparagus_aethiopica
7,1,HSHN2,HSHN,Protasparagus_aethiopica
7,1,HSHN2,HSHN,Protasparagus_aethiopica
7,1,HSHN2,HSHN,Protasparagus_aethiopica
7,1,HSHN2,HSHN,Protasparagus_aethiopica
7,1,HSHN2,HSHN,Protasparagus_aethiopica
1,2,HSHN3,HSHN,Protasparagus_aethiopica
1,2,HSHN3,HSHN,Protasparagus_aethiopica
1,2,HSHN3,HSHN,Protasparagus_aethiopica
4,2,HSHN3,HSHN,Protasparagus_aethiopica
4,2,HSHN3,HSHN,Protasparagus_aethiopica
7,1,HSHN3,HSHN,Protasparagus_aethiopica
7,1,HSHN3,HSHN,Protasparagus_aethiopica
7,1,HSHN3,HSHN,Protasparagus_aethiopica
7,1,HSHN3,HSHN,Protasparagus_aethiopica
7,1,HSHN3,HSHN,Protasparagus_aethiopica
7,1,HSHN3,HSHN,Protasparagus_aethiopica
7,1,HSHN3,HSHN,Protasparagus_aethiopica
7,1,HSHN3,HSHN,Protasparagus_aethiopica
7,1,HSHN3,HSHN,Protasparagus_aethiopica
7,1,HSHN3,HSHN,Protasparagus_aethiopica
1,2,HSHN4,HSHN,Protasparagus_aethiopica
1,2,HSHN4,HSHN,Protasparagus_aethiopica
1,2,HSHN4,HSHN,Protasparagus_aethiopica
1,2,HSHN4,HSHN,Protasparagus_aethiopica
1,2,HSHN4,HSHN,Protasparagus_aethiopica
6,2,HSHN4,HSHN,Protasparagus_aethiopica
7,1,HSHN4,HSHN,Protasparagus_aethiopica
7,1,HSHN4,HSHN,Protasparagus_aethiopica
7,1,HSHN4,HSHN,Protasparagus_aethiopica
7,1,HSHN4,HSHN,Protasparagus_aethiopica
7,1,HSHN4,HSHN,Protasparagus_aethiopica
7,1,HSHN4,HSHN,Protasparagus_aethiopica
7,1,HSHN4,HSHN,Protasparagus_aethiopica
7,1,HSHN4,HSHN,Protasparagus_aethiopica
7,1,HSHN4,HSHN,Protasparagus_aethiopica
7,1,HSHN4,HSHN,Protasparagus_aethiopica
1,2,HSHN5,HSHN,Protasparagus_aethiopica
7,1,HSHN5,HSHN,Protasparagus_aethiopica
7,1,HSHN5,HSHN,Protasparagus_aethiopica
7,1,HSHN5,HSHN,Protasparagus_aethiopica
7,1,HSHN5,HSHN,Protasparagus_aethiopica
7,1,HSHN5,HSHN,Protasparagus_aethiopica
7,1,HSHN5,HSHN,Protasparagus_aethiopica
7,1,HSHN5,HSHN,Protasparagus_aethiopica
7,1,HSHN5,HSHN,Protasparagus_aethiopica
7,1,HSHN5,HSHN,Protasparagus_aethiopica
7,1,HSHN5,HSHN,Protasparagus_aethiopica
7,1,HSHN5,HSHN,Protasparagus_aethiopica
7,1,HSHN5,HSHN,Protasparagus_aethiopica
7,1,HSHN5,HSHN,Protasparagus_aethiopica
7,1,HSHN5,HSHN,Protasparagus_aethiopica
1,2,HSHN6,HSHN,Protasparagus_aethiopica
1,2,HSHN6,HSHN,Protasparagus_aethiopica
1,2,HSHN6,HSHN,Protasparagus_aethiopica
1,2,HSHN6,HSHN,Protasparagus_aethiopica
1,2,HSHN6,HSHN,Protasparagus_aethiopica
1,2,HSHN6,HSHN,Protasparagus_aethiopica
1,2,HSHN6,HSHN,Protasparagus_aethiopica
4,2,HSHN6,HSHN,Protasparagus_aethiopica
5,2,HSHN6,HSHN,Protasparagus_aethiopica
5,2,HSHN6,HSHN,Protasparagus_aethiopica
4,2,HSHN6,HSHN,Protasparagus_aethiopica
7,1,HSHN6,HSHN,Protasparagus_aethiopica
7,1,HSHN6,HSHN,Protasparagus_aethiopica
7,1,HSHN6,HSHN,Protasparagus_aethiopica
7,1,HSHN6,HSHN,Protasparagus_aethiopica
1,2,HSHN7,HSHN,Protasparagus_aethiopica
1,2,HSHN7,HSHN,Protasparagus_aethiopica
1,2,HSHN7,HSHN,Protasparagus_aethiopica
1,2,HSHN7,HSHN,Protasparagus_aethiopica
1,2,HSHN7,HSHN,Protasparagus_aethiopica
1,2,HSHN7,HSHN,Protasparagus_aethiopica
1,2,HSHN7,HSHN,Protasparagus_aethiopica
6,2,HSHN7,HSHN,Protasparagus_aethiopica
7,1,HSHN7,HSHN,Protasparagus_aethiopica
7,1,HSHN7,HSHN,Protasparagus_aethiopica
7,1,HSHN7,HSHN,Protasparagus_aethiopica
7,1,HSHN7,HSHN,Protasparagus_aethiopica
7,1,HSHN7,HSHN,Protasparagus_aethiopica
7,1,HSHN7,HSHN,Protasparagus_aethiopica
7,1,HSHN7,HSHN,Protasparagus_aethiopica
1,2,HSLN1,HSLN,Protasparagus_aethiopica
1,2,HSLN1,HSLN,Protasparagus_aethiopica
1,2,HSLN1,HSLN,Protasparagus_aethiopica
1,2,HSLN1,HSLN,Protasparagus_aethiopica
1,2,HSLN1,HSLN,Protasparagus_aethiopica
1,2,HSLN1,HSLN,Protasparagus_aethiopica
1,2,HSLN1,HSLN,Protasparagus_aethiopica
1,2,HSLN1,HSLN,Protasparagus_aethiopica
4,2,HSLN1,HSLN,Protasparagus_aethiopica
4,2,HSLN1,HSLN,Protasparagus_aethiopica
7,1,HSLN1,HSLN,Protasparagus_aethiopica
7,1,HSLN1,HSLN,Protasparagus_aethiopica
7,1,HSLN1,HSLN,Protasparagus_aethiopica
7,1,HSLN1,HSLN,Protasparagus_aethiopica
7,1,HSLN1,HSLN,Protasparagus_aethiopica
1,2,HSLN2,HSLN,Protasparagus_aethiopica
1,2,HSLN2,HSLN,Protasparagus_aethiopica
1,2,HSLN2,HSLN,Protasparagus_aethiopica
1,2,HSLN2,HSLN,Protasparagus_aethiopica
1,2,HSLN2,HSLN,Protasparagus_aethiopica
1,2,HSLN2,HSLN,Protasparagus_aethiopica
5,2,HSLN2,HSLN,Protasparagus_aethiopica
7,2,HSLN2,HSLN,Protasparagus_aethiopica
7,1,HSLN2,HSLN,Protasparagus_aethiopica
7,1,HSLN2,HSLN,Protasparagus_aethiopica
7,1,HSLN2,HSLN,Protasparagus_aethiopica
7,1,HSLN2,HSLN,Protasparagus_aethiopica
7,1,HSLN2,HSLN,Protasparagus_aethiopica
7,1,HSLN2,HSLN,Protasparagus_aethiopica
7,1,HSLN2,HSLN,Protasparagus_aethiopica
1,2,HSLN3,HSLN,Protasparagus_aethiopica
1,2,HSLN3,HSLN,Protasparagus_aethiopica
2,2,HSLN3,HSLN,Protasparagus_aethiopica
5,2,HSLN3,HSLN,Protasparagus_aethiopica
5,2,HSLN3,HSLN,Protasparagus_aethiopica
7,1,HSLN3,HSLN,Protasparagus_aethiopica
7,1,HSLN3,HSLN,Protasparagus_aethiopica
7,1,HSLN3,HSLN,Protasparagus_aethiopica
7,1,HSLN3,HSLN,Protasparagus_aethiopica
7,1,HSLN3,HSLN,Protasparagus_aethiopica
7,1,HSLN3,HSLN,Protasparagus_aethiopica
7,1,HSLN3,HSLN,Protasparagus_aethiopica
7,1,HSLN3,HSLN,Protasparagus_aethiopica
7,1,HSLN3,HSLN,Protasparagus_aethiopica
7,1,HSLN3,HSLN,Protasparagus_aethiopica
1,2,HSLN4,HSLN,Protasparagus_aethiopica
1,2,HSLN4,HSLN,Protasparagus_aethiopica
1,2,HSLN4,HSLN,Protasparagus_aethiopica
1,2,HSLN4,HSLN,Protasparagus_aethiopica
1,2,HSLN4,HSLN,Protasparagus_aethiopica
1,2,HSLN4,HSLN,Protasparagus_aethiopica
2,2,HSLN4,HSLN,Protasparagus_aethiopica
7,2,HSLN4,HSLN,Protasparagus_aethiopica
7,2,HSLN4,HSLN,Protasparagus_aethiopica
7,1,HSLN4,HSLN,Protasparagus_aethiopica
7,1,HSLN4,HSLN,Protasparagus_aethiopica
7,1,HSLN4,HSLN,Protasparagus_aethiopica
7,1,HSLN4,HSLN,Protasparagus_aethiopica
7,1,HSLN4,HSLN,Protasparagus_aethiopica
7,1,HSLN4,HSLN,Protasparagus_aethiopica
2,2,HSLN5,HSLN,Protasparagus_aethiopica
3,2,HSLN5,HSLN,Protasparagus_aethiopica
4,2,HSLN5,HSLN,Protasparagus_aethiopica
4,2,HSLN5,HSLN,Protasparagus_aethiopica
6,2,HSLN5,HSLN,Protasparagus_aethiopica
7,2,HSLN5,HSLN,Protasparagus_aethiopica
7,1,HSLN5,HSLN,Protasparagus_aethiopica
7,1,HSLN5,HSLN,Protasparagus_aethiopica
7,1,HSLN5,HSLN,Protasparagus_aethiopica
7,1,HSLN5,HSLN,Protasparagus_aethiopica
7,1,HSLN5,HSLN,Protasparagus_aethiopica
7,1,HSLN5,HSLN,Protasparagus_aethiopica
7,1,HSLN5,HSLN,Protasparagus_aethiopica
7,1,HSLN5,HSLN,Protasparagus_aethiopica
7,1,HSLN5,HSLN,Protasparagus_aethiopica
1,2,HSLN6,HSLN,Protasparagus_aethiopica
1,2,HSLN6,HSLN,Protasparagus_aethiopica
3,2,HSLN6,HSLN,Protasparagus_aethiopica
7,1,HSLN6,HSLN,Protasparagus_aethiopica
7,1,HSLN6,HSLN,Protasparagus_aethiopica
7,1,HSLN6,HSLN,Protasparagus_aethiopica
7,1,HSLN6,HSLN,Protasparagus_aethiopica
7,1,HSLN6,HSLN,Protasparagus_aethiopica
7,1,HSLN6,HSLN,Protasparagus_aethiopica
7,1,HSLN6,HSLN,Protasparagus_aethiopica
7,1,HSLN6,HSLN,Protasparagus_aethiopica
7,1,HSLN6,HSLN,Protasparagus_aethiopica
7,1,HSLN6,HSLN,Protasparagus_aethiopica
7,1,HSLN6,HSLN,Protasparagus_aethiopica
7,1,HSLN6,HSLN,Protasparagus_aethiopica
1,2,HSLN7,HSLN,Protasparagus_aethiopica
1,2,HSLN7,HSLN,Protasparagus_aethiopica
1,2,HSLN7,HSLN,Protasparagus_aethiopica
1,2,HSLN7,HSLN,Protasparagus_aethiopica
1,2,HSLN7,HSLN,Protasparagus_aethiopica
4,2,HSLN7,HSLN,Protasparagus_aethiopica
4,2,HSLN7,HSLN,Protasparagus_aethiopica
6,2,HSLN7,HSLN,Protasparagus_aethiopica
7,1,HSLN7,HSLN,Protasparagus_aethiopica
7,1,HSLN7,HSLN,Protasparagus_aethiopica
7,1,HSLN7,HSLN,Protasparagus_aethiopica
7,1,HSLN7,HSLN,Protasparagus_aethiopica
7,1,HSLN7,HSLN,Protasparagus_aethiopica
7,1,HSLN7,HSLN,Protasparagus_aethiopica
7,1,HSLN7,HSLN,Protasparagus_aethiopica
7,1,LSHN1,LSHN,Protasparagus_aethiopica
7,1,LSHN1,LSHN,Protasparagus_aethiopica
7,1,LSHN1,LSHN,Protasparagus_aethiopica
7,1,LSHN1,LSHN,Protasparagus_aethiopica
7,1,LSHN1,LSHN,Protasparagus_aethiopica
7,1,LSHN1,LSHN,Protasparagus_aethiopica
7,1,LSHN1,LSHN,Protasparagus_aethiopica
7,1,LSHN1,LSHN,Protasparagus_aethiopica
7,1,LSHN1,LSHN,Protasparagus_aethiopica
7,1,LSHN1,LSHN,Protasparagus_aethiopica
7,1,LSHN1,LSHN,Protasparagus_aethiopica
7,1,LSHN1,LSHN,Protasparagus_aethiopica
7,1,LSHN1,LSHN,Protasparagus_aethiopica
7,1,LSHN1,LSHN,Protasparagus_aethiopica
7,1,LSHN1,LSHN,Protasparagus_aethiopica
7,1,LSHN1,LSHN,Protasparagus_aethiopica
7,1,LSHN1,LSHN,Protasparagus_aethiopica
7,1,LSHN1,LSHN,Protasparagus_aethiopica
7,1,LSHN1,LSHN,Protasparagus_aethiopica
7,1,LSHN1,LSHN,Protasparagus_aethiopica
7,1,LSHN1,LSHN,Protasparagus_aethiopica
7,1,LSHN2,LSHN,Protasparagus_aethiopica
7,1,LSHN2,LSHN,Protasparagus_aethiopica
7,1,LSHN2,LSHN,Protasparagus_aethiopica
7,1,LSHN2,LSHN,Protasparagus_aethiopica
7,1,LSHN2,LSHN,Protasparagus_aethiopica
7,1,LSHN2,LSHN,Protasparagus_aethiopica
7,1,LSHN2,LSHN,Protasparagus_aethiopica
7,1,LSHN2,LSHN,Protasparagus_aethiopica
7,1,LSHN2,LSHN,Protasparagus_aethiopica
7,1,LSHN2,LSHN,Protasparagus_aethiopica
7,1,LSHN2,LSHN,Protasparagus_aethiopica
7,1,LSHN2,LSHN,Protasparagus_aethiopica
7,1,LSHN2,LSHN,Protasparagus_aethiopica
7,1,LSHN2,LSHN,Protasparagus_aethiopica
7,1,LSHN2,LSHN,Protasparagus_aethiopica
1,2,LSHN3,LSHN,Protasparagus_aethiopica
1,2,LSHN3,LSHN,Protasparagus_aethiopica
1,2,LSHN3,LSHN,Protasparagus_aethiopica
1,2,LSHN3,LSHN,Protasparagus_aethiopica
7,1,LSHN3,LSHN,Protasparagus_aethiopica
7,1,LSHN3,LSHN,Protasparagus_aethiopica
7,1,LSHN3,LSHN,Protasparagus_aethiopica
7,1,LSHN3,LSHN,Protasparagus_aethiopica
7,1,LSHN3,LSHN,Protasparagus_aethiopica
7,1,LSHN3,LSHN,Protasparagus_aethiopica
7,1,LSHN3,LSHN,Protasparagus_aethiopica
7,1,LSHN3,LSHN,Protasparagus_aethiopica
7,1,LSHN3,LSHN,Protasparagus_aethiopica
7,1,LSHN3,LSHN,Protasparagus_aethiopica
1,2,LSHN4,LSHN,Protasparagus_aethiopica
1,2,LSHN4,LSHN,Protasparagus_aethiopica
1,2,LSHN4,LSHN,Protasparagus_aethiopica
1,2,LSHN4,LSHN,Protasparagus_aethiopica
1,2,LSHN4,LSHN,Protasparagus_aethiopica
7,1,LSHN4,LSHN,Protasparagus_aethiopica
7,1,LSHN4,LSHN,Protasparagus_aethiopica
7,1,LSHN4,LSHN,Protasparagus_aethiopica
7,1,LSHN4,LSHN,Protasparagus_aethiopica
7,1,LSHN4,LSHN,Protasparagus_aethiopica
7,1,LSHN4,LSHN,Protasparagus_aethiopica
7,1,LSHN4,LSHN,Protasparagus_aethiopica
7,1,LSHN4,LSHN,Protasparagus_aethiopica
7,1,LSHN4,LSHN,Protasparagus_aethiopica
7,1,LSHN4,LSHN,Protasparagus_aethiopica
1,2,LSHN5,LSHN,Protasparagus_aethiopica
1,2,LSHN5,LSHN,Protasparagus_aethiopica
1,2,LSHN5,LSHN,Protasparagus_aethiopica
1,2,LSHN5,LSHN,Protasparagus_aethiopica
1,2,LSHN5,LSHN,Protasparagus_aethiopica
7,1,LSHN5,LSHN,Protasparagus_aethiopica
7,1,LSHN5,LSHN,Protasparagus_aethiopica
7,1,LSHN5,LSHN,Protasparagus_aethiopica
7,1,LSHN5,LSHN,Protasparagus_aethiopica
7,1,LSHN5,LSHN,Protasparagus_aethiopica
7,1,LSHN5,LSHN,Protasparagus_aethiopica
7,1,LSHN5,LSHN,Protasparagus_aethiopica
7,1,LSHN5,LSHN,Protasparagus_aethiopica
7,1,LSHN5,LSHN,Protasparagus_aethiopica
7,1,LSHN5,LSHN,Protasparagus_aethiopica
1,2,LSHN6,LSHN,Protasparagus_aethiopica
1,2,LSHN6,LSHN,Protasparagus_aethiopica
1,2,LSHN6,LSHN,Protasparagus_aethiopica
7,1,LSHN6,LSHN,Protasparagus_aethiopica
7,1,LSHN6,LSHN,Protasparagus_aethiopica
7,1,LSHN6,LSHN,Protasparagus_aethiopica
7,1,LSHN6,LSHN,Protasparagus_aethiopica
7,1,LSHN6,LSHN,Protasparagus_aethiopica
7,1,LSHN6,LSHN,Protasparagus_aethiopica
7,1,LSHN6,LSHN,Protasparagus_aethiopica
7,1,LSHN6,LSHN,Protasparagus_aethiopica
7,1,LSHN6,LSHN,Protasparagus_aethiopica
1,2,LSHN7,LSHN,Protasparagus_aethiopica
1,2,LSHN7,LSHN,Protasparagus_aethiopica
1,2,LSHN7,LSHN,Protasparagus_aethiopica
1,2,LSHN7,LSHN,Protasparagus_aethiopica
7,1,LSHN7,LSHN,Protasparagus_aethiopica
7,1,LSHN7,LSHN,Protasparagus_aethiopica
7,1,LSHN7,LSHN,Protasparagus_aethiopica
7,1,LSHN7,LSHN,Protasparagus_aethiopica
7,1,LSHN7,LSHN,Protasparagus_aethiopica
7,1,LSHN7,LSHN,Protasparagus_aethiopica
7,1,LSHN7,LSHN,Protasparagus_aethiopica
7,1,LSHN7,LSHN,Protasparagus_aethiopica
7,1,LSHN7,LSHN,Protasparagus_aethiopica
7,1,LSHN7,LSHN,Protasparagus_aethiopica
7,1,LSHN7,LSHN,Protasparagus_aethiopica
1,2,LSLN1,LSLN,Protasparagus_aethiopica
1,2,LSLN1,LSLN,Protasparagus_aethiopica
7,1,LSLN1,LSLN,Protasparagus_aethiopica
7,1,LSLN1,LSLN,Protasparagus_aethiopica
7,1,LSLN1,LSLN,Protasparagus_aethiopica
7,1,LSLN1,LSLN,Protasparagus_aethiopica
7,1,LSLN1,LSLN,Protasparagus_aethiopica
7,1,LSLN1,LSLN,Protasparagus_aethiopica
7,1,LSLN1,LSLN,Protasparagus_aethiopica
7,1,LSLN1,LSLN,Protasparagus_aethiopica
7,1,LSLN1,LSLN,Protasparagus_aethiopica
7,1,LSLN1,LSLN,Protasparagus_aethiopica
7,1,LSLN1,LSLN,Protasparagus_aethiopica
7,1,LSLN1,LSLN,Protasparagus_aethiopica
7,1,LSLN2,LSLN,Protasparagus_aethiopica
7,1,LSLN2,LSLN,Protasparagus_aethiopica
7,1,LSLN2,LSLN,Protasparagus_aethiopica
7,1,LSLN2,LSLN,Protasparagus_aethiopica
7,1,LSLN2,LSLN,Protasparagus_aethiopica
7,1,LSLN2,LSLN,Protasparagus_aethiopica
7,1,LSLN2,LSLN,Protasparagus_aethiopica
7,1,LSLN2,LSLN,Protasparagus_aethiopica
7,1,LSLN2,LSLN,Protasparagus_aethiopica
7,1,LSLN2,LSLN,Protasparagus_aethiopica
7,1,LSLN2,LSLN,Protasparagus_aethiopica
7,1,LSLN2,LSLN,Protasparagus_aethiopica
7,1,LSLN2,LSLN,Protasparagus_aethiopica
7,1,LSLN2,LSLN,Protasparagus_aethiopica
7,1,LSLN2,LSLN,Protasparagus_aethiopica
7,1,LSLN2,LSLN,Protasparagus_aethiopica
7,1,LSLN2,LSLN,Protasparagus_aethiopica
7,1,LSLN2,LSLN,Protasparagus_aethiopica
7,1,LSLN3,LSLN,Protasparagus_aethiopica
7,1,LSLN3,LSLN,Protasparagus_aethiopica
7,1,LSLN3,LSLN,Protasparagus_aethiopica
7,1,LSLN3,LSLN,Protasparagus_aethiopica
7,1,LSLN3,LSLN,Protasparagus_aethiopica
7,1,LSLN3,LSLN,Protasparagus_aethiopica
7,1,LSLN3,LSLN,Protasparagus_aethiopica
7,1,LSLN3,LSLN,Protasparagus_aethiopica
7,1,LSLN3,LSLN,Protasparagus_aethiopica
7,1,LSLN3,LSLN,Protasparagus_aethiopica
7,1,LSLN3,LSLN,Protasparagus_aethiopica
7,1,LSLN3,LSLN,Protasparagus_aethiopica
7,1,LSLN3,LSLN,Protasparagus_aethiopica
7,1,LSLN3,LSLN,Protasparagus_aethiopica
7,1,LSLN3,LSLN,Protasparagus_aethiopica
7,1,LSLN3,LSLN,Protasparagus_aethiopica
7,1,LSLN4,LSLN,Protasparagus_aethiopica
7,1,LSLN4,LSLN,Protasparagus_aethiopica
7,1,LSLN4,LSLN,Protasparagus_aethiopica
7,1,LSLN4,LSLN,Protasparagus_aethiopica
7,1,LSLN4,LSLN,Protasparagus_aethiopica
7,1,LSLN4,LSLN,Protasparagus_aethiopica
7,1,LSLN4,LSLN,Protasparagus_aethiopica
7,1,LSLN4,LSLN,Protasparagus_aethiopica
7,1,LSLN4,LSLN,Protasparagus_aethiopica
7,1,LSLN4,LSLN,Protasparagus_aethiopica
7,1,LSLN4,LSLN,Protasparagus_aethiopica
7,1,LSLN4,LSLN,Protasparagus_aethiopica
7,1,LSLN4,LSLN,Protasparagus_aethiopica
7,1,LSLN4,LSLN,Protasparagus_aethiopica
7,1,LSLN4,LSLN,Protasparagus_aethiopica
1,2,LSLN5,LSLN,Protasparagus_aethiopica
7,1,LSLN5,LSLN,Protasparagus_aethiopica
7,1,LSLN5,LSLN,Protasparagus_aethiopica
7,1,LSLN5,LSLN,Protasparagus_aethiopica
7,1,LSLN5,LSLN,Protasparagus_aethiopica
7,1,LSLN5,LSLN,Protasparagus_aethiopica
7,1,LSLN5,LSLN,Protasparagus_aethiopica
7,1,LSLN5,LSLN,Protasparagus_aethiopica
7,1,LSLN5,LSLN,Protasparagus_aethiopica
7,1,LSLN5,LSLN,Protasparagus_aethiopica
7,1,LSLN5,LSLN,Protasparagus_aethiopica
7,1,LSLN5,LSLN,Protasparagus_aethiopica
7,1,LSLN5,LSLN,Protasparagus_aethiopica
7,1,LSLN5,LSLN,Protasparagus_aethiopica
7,1,LSLN5,LSLN,Protasparagus_aethiopica
1,2,LSLN6,LSLN,Protasparagus_aethiopica
1,2,LSLN6,LSLN,Protasparagus_aethiopica
1,2,LSLN6,LSLN,Protasparagus_aethiopica
1,2,LSLN6,LSLN,Protasparagus_aethiopica
1,2,LSLN6,LSLN,Protasparagus_aethiopica
1,2,LSLN6,LSLN,Protasparagus_aethiopica
1,2,LSLN6,LSLN,Protasparagus_aethiopica
1,2,LSLN6,LSLN,Protasparagus_aethiopica
1,2,LSLN6,LSLN,Protasparagus_aethiopica
7,1,LSLN6,LSLN,Protasparagus_aethiopica
7,1,LSLN6,LSLN,Protasparagus_aethiopica
7,1,LSLN6,LSLN,Protasparagus_aethiopica
7,1,LSLN6,LSLN,Protasparagus_aethiopica
7,1,LSLN6,LSLN,Protasparagus_aethiopica
7,1,LSLN6,LSLN,Protasparagus_aethiopica
1,2,LSLN7,LSLN,Protasparagus_aethiopica
1,2,LSLN7,LSLN,Protasparagus_aethiopica
1,2,LSLN7,LSLN,Protasparagus_aethiopica
7,1,LSLN7,LSLN,Protasparagus_aethiopica
7,1,LSLN7,LSLN,Protasparagus_aethiopica
7,1,LSLN7,LSLN,Protasparagus_aethiopica
7,1,LSLN7,LSLN,Protasparagus_aethiopica
7,1,LSLN7,LSLN,Protasparagus_aethiopica
7,1,LSLN7,LSLN,Protasparagus_aethiopica
7,1,LSLN7,LSLN,Protasparagus_aethiopica
7,1,LSLN7,LSLN,Protasparagus_aethiopica
7,1,LSLN7,LSLN,Protasparagus_aethiopica
7,1,LSLN7,LSLN,Protasparagus_aethiopica
